,survey,order_in_survey,speaker_gender,Q02,Q03,audio,rating,rater_gender
0,1.0,1.0,M,2,4,Q1.1_1,-0.3245390854421029,M
1,1.0,1.0,M,2,3,Q1.1_1,1.2060453783110598,M
2,1.0,1.0,M,1,4,Q1.1_1,0.9089394789260838,1
3,1.0,1.0,M,1,2,Q1.1_1,-1.0467716649295356,1
4,1.0,1.0,M,1,4,Q1.1_1,0.5757663148492381,1
5,1.0,1.0,M,1,4,Q1.1_1,0.8592495254953848,1
6,1.0,2.0,M,2,4,Q2.1_1,0.49439131707534745,M
7,1.0,2.0,M,2,3,Q2.1_1,-0.8291561975888446,M
8,1.0,2.0,M,1,4,Q2.1_1,0.9089394789260838,1
9,1.0,2.0,M,1,2,Q2.1_1,-1.0467716649295356,1
10,1.0,2.0,M,1,4,Q2.1_1,1.517929375511623,1
11,1.0,2.0,M,1,4,Q2.1_1,1.7216932871450301,1
12,1.0,3.0,F,2,4,Q3.1_1,0.49439131707534745,M
13,1.0,3.0,F,2,3,Q3.1_1,-0.8291561975888446,M
14,1.0,3.0,F,1,4,Q3.1_1,0.9089394789260838,1
15,1.0,3.0,F,1,2,Q3.1_1,-1.0467716649295356,1
16,1.0,3.0,F,1,4,Q3.1_1,1.517929375511623,1
17,1.0,3.0,F,1,4,Q3.1_1,0.8592495254953848,1
18,1.0,4.0,M,2,4,Q4.1_1,0.49439131707534745,M
19,1.0,4.0,M,2,3,Q4.1_1,1.2060453783110598,M
20,1.0,4.0,M,1,4,Q4.1_1,0.9089394789260838,1
21,1.0,4.0,M,1,2,Q4.1_1,-1.0467716649295356,1
22,1.0,4.0,M,1,4,Q4.1_1,1.517929375511623,1
23,1.0,4.0,M,1,4,Q4.1_1,0.8592495254953848,1
24,1.0,5.0,M,2,4,Q5.1_1,0.49439131707534745,M
25,1.0,5.0,M,2,3,Q5.1_1,-0.8291561975888446,M
26,1.0,5.0,M,1,4,Q5.1_1,0.9089394789260838,1
27,1.0,5.0,M,1,2,Q5.1_1,-1.0467716649295356,1
28,1.0,5.0,M,1,4,Q5.1_1,1.517929375511623,1
29,1.0,5.0,M,1,4,Q5.1_1,0.8592495254953848,1
30,1.0,6.0,M,2,4,Q6.1_1,0.49439131707534745,M
31,1.0,6.0,M,2,3,Q6.1_1,-0.8291561975888446,M
32,1.0,6.0,M,1,4,Q6.1_1,0.9089394789260838,1
33,1.0,6.0,M,1,2,Q6.1_1,-1.0467716649295356,1
34,1.0,6.0,M,1,4,Q6.1_1,0.5757663148492381,1
35,1.0,6.0,M,1,4,Q6.1_1,0.8592495254953848,1
36,1.0,7.0,M,2,4,Q7.1_1,0.49439131707534745,M
37,1.0,7.0,M,2,3,Q7.1_1,-0.8291561975888446,M
38,1.0,7.0,M,1,4,Q7.1_1,1.8246620882919136,1
39,1.0,7.0,M,1,2,Q7.1_1,-1.0467716649295356,1
40,1.0,7.0,M,1,4,Q7.1_1,0.5757663148492381,1
41,1.0,7.0,M,1,4,Q7.1_1,1.7216932871450301,1
42,1.0,8.0,M,2,4,Q8.1_1,0.49439131707534745,M
43,1.0,8.0,M,2,3,Q8.1_1,-0.8291561975888446,M
44,1.0,8.0,M,1,4,Q8.1_1,1.8246620882919136,1
45,1.0,8.0,M,1,2,Q8.1_1,-1.0467716649295356,1
46,1.0,8.0,M,1,4,Q8.1_1,1.517929375511623,1
47,1.0,8.0,M,1,4,Q8.1_1,0.8592495254953848,1
48,1.0,9.0,M,2,4,Q9.1_1,0.49439131707534745,M
49,1.0,9.0,M,2,3,Q9.1_1,-0.8291561975888446,M
50,1.0,9.0,M,1,4,Q9.1_1,0.9089394789260838,1
51,1.0,9.0,M,1,2,Q9.1_1,-1.0467716649295356,1
52,1.0,9.0,M,1,4,Q9.1_1,0.5757663148492381,1
53,1.0,9.0,M,1,4,Q9.1_1,0.8592495254953848,1
54,1.0,10.0,M,2,4,Q10.1_1,0.49439131707534745,M
55,1.0,10.0,M,2,3,Q10.1_1,-0.8291561975888446,M
56,1.0,10.0,M,1,4,Q10.1_1,0.9089394789260838,1
57,1.0,10.0,M,1,2,Q10.1_1,-1.0467716649295356,1
58,1.0,10.0,M,1,4,Q10.1_1,1.517929375511623,1
59,1.0,10.0,M,1,4,Q10.1_1,0.8592495254953848,1
60,1.0,11.0,M,2,4,Q11.1_1,0.49439131707534745,M
61,1.0,11.0,M,2,3,Q11.1_1,-0.8291561975888446,M
62,1.0,11.0,M,1,4,Q11.1_1,0.9089394789260838,1
63,1.0,11.0,M,1,2,Q11.1_1,-1.0467716649295356,1
64,1.0,11.0,M,1,4,Q11.1_1,1.517929375511623,1
65,1.0,11.0,M,1,4,Q11.1_1,0.8592495254953848,1
66,1.0,13.0,M,2,4,Q13.1_1,0.49439131707534745,M
67,1.0,13.0,M,2,3,Q13.1_1,1.2060453783110598,M
68,1.0,13.0,M,1,4,Q13.1_1,0.9089394789260838,1
69,1.0,13.0,M,1,2,Q13.1_1,-2.8820206878579446,1
70,1.0,13.0,M,1,4,Q13.1_1,0.5757663148492381,1
71,1.0,13.0,M,1,4,Q13.1_1,0.8592495254953848,1
72,1.0,14.0,F,2,4,Q14.1_1,0.49439131707534745,M
73,1.0,14.0,F,2,3,Q14.1_1,-0.8291561975888446,M
74,1.0,14.0,F,1,4,Q14.1_1,1.8246620882919136,1
75,1.0,14.0,F,1,2,Q14.1_1,-1.0467716649295356,1
76,1.0,14.0,F,1,4,Q14.1_1,0.5757663148492381,1
77,1.0,14.0,F,1,4,Q14.1_1,0.8592495254953848,1
78,1.0,15.0,M,2,4,Q15.1_1,0.49439131707534745,M
79,1.0,15.0,M,2,3,Q15.1_1,-0.8291561975888446,M
80,1.0,15.0,M,1,4,Q15.1_1,0.9089394789260838,1
81,1.0,15.0,M,1,2,Q15.1_1,-1.0467716649295356,1
82,1.0,15.0,M,1,4,Q15.1_1,0.5757663148492381,1
83,1.0,15.0,M,1,4,Q15.1_1,1.7216932871450301,1
84,1.0,16.0,M,2,4,Q16.1_1,0.49439131707534745,M
85,1.0,16.0,M,2,3,Q16.1_1,-0.8291561975888446,M
86,1.0,16.0,M,1,4,Q16.1_1,0.9089394789260838,1
87,1.0,16.0,M,1,2,Q16.1_1,-1.0467716649295356,1
88,1.0,16.0,M,1,4,Q16.1_1,1.517929375511623,1
89,1.0,16.0,M,1,4,Q16.1_1,-0.0031942361542604877,1
90,1.0,17.0,F,2,4,Q17.1_1,0.49439131707534745,M
91,1.0,17.0,F,2,3,Q17.1_1,1.2060453783110598,M
92,1.0,17.0,F,1,4,Q17.1_1,1.8246620882919136,1
93,1.0,17.0,F,1,2,Q17.1_1,0.7884773579988736,1
94,1.0,17.0,F,1,4,Q17.1_1,0.5757663148492381,1
95,1.0,17.0,F,1,4,Q17.1_1,1.7216932871450301,1
96,1.0,18.0,F,2,4,Q18.1_1,1.3133217195927978,M
97,1.0,18.0,F,2,3,Q18.1_1,-0.8291561975888446,M
98,1.0,18.0,F,1,4,Q18.1_1,0.9089394789260838,1
99,1.0,18.0,F,1,2,Q18.1_1,-1.0467716649295356,1
100,1.0,18.0,F,1,4,Q18.1_1,0.5757663148492381,1
101,1.0,18.0,F,1,4,Q18.1_1,0.8592495254953848,1
102,1.0,19.0,F,2,4,Q19.1_1,-0.3245390854421029,M
103,1.0,19.0,F,2,3,Q19.1_1,-0.8291561975888446,M
104,1.0,19.0,F,1,4,Q19.1_1,0.9089394789260838,1
105,1.0,19.0,F,1,2,Q19.1_1,-1.0467716649295356,1
106,1.0,19.0,F,1,4,Q19.1_1,1.517929375511623,1
107,1.0,19.0,F,1,4,Q19.1_1,0.8592495254953848,1
108,1.0,20.0,F,2,4,Q20.1_1,0.49439131707534745,M
109,1.0,20.0,F,2,3,Q20.1_1,-0.8291561975888446,M
110,1.0,20.0,F,1,4,Q20.1_1,0.9089394789260838,1
111,1.0,20.0,F,1,2,Q20.1_1,-1.0467716649295356,1
112,1.0,20.0,F,1,4,Q20.1_1,0.5757663148492381,1
113,1.0,20.0,F,1,4,Q20.1_1,0.8592495254953848,1
114,1.0,22.0,F,2,4,Q22.1_1,-0.3245390854421029,M
115,1.0,22.0,F,2,3,Q22.1_1,-0.8291561975888446,M
116,1.0,22.0,F,1,4,Q22.1_1,0.9089394789260838,1
117,1.0,22.0,F,1,2,Q22.1_1,-1.0467716649295356,1
118,1.0,22.0,F,1,4,Q22.1_1,0.5757663148492381,1
119,1.0,22.0,F,1,4,Q22.1_1,0.8592495254953848,1
120,1.0,23.0,F,2,4,Q23.1_1,-0.3245390854421029,M
121,1.0,23.0,F,2,3,Q23.1_1,-0.8291561975888446,M
122,1.0,23.0,F,1,4,Q23.1_1,-0.006783130439745778,1
123,1.0,23.0,F,1,2,Q23.1_1,-1.0467716649295356,1
124,1.0,23.0,F,1,4,Q23.1_1,-0.3663967458131467,1
125,1.0,23.0,F,1,4,Q23.1_1,-0.0031942361542604877,1
126,1.0,24.0,F,2,4,Q24.1_1,0.49439131707534745,M
127,1.0,24.0,F,2,3,Q24.1_1,-0.8291561975888446,M
128,1.0,24.0,F,1,4,Q24.1_1,0.9089394789260838,1
129,1.0,24.0,F,1,2,Q24.1_1,-2.8820206878579446,1
130,1.0,24.0,F,1,4,Q24.1_1,0.5757663148492381,1
131,1.0,24.0,F,1,4,Q24.1_1,0.8592495254953848,1
132,1.0,25.0,M,2,4,Q25.1_1,0.49439131707534745,M
133,1.0,25.0,M,2,3,Q25.1_1,-0.8291561975888446,M
134,1.0,25.0,M,1,4,Q25.1_1,0.9089394789260838,1
135,1.0,25.0,M,1,2,Q25.1_1,0.7884773579988736,1
136,1.0,25.0,M,1,4,Q25.1_1,0.5757663148492381,1
137,1.0,25.0,M,1,4,Q25.1_1,1.7216932871450301,1
138,1.0,26.0,M,2,4,Q26.1_1,0.49439131707534745,M
139,1.0,26.0,M,2,3,Q26.1_1,-0.8291561975888446,M
140,1.0,26.0,M,1,4,Q26.1_1,0.9089394789260838,1
141,1.0,26.0,M,1,2,Q26.1_1,-2.8820206878579446,1
142,1.0,26.0,M,1,4,Q26.1_1,0.5757663148492381,1
143,1.0,26.0,M,1,4,Q26.1_1,1.7216932871450301,1
144,1.0,27.0,F,2,4,Q27.1_1,0.49439131707534745,M
145,1.0,27.0,F,2,3,Q27.1_1,-0.8291561975888446,M
146,1.0,27.0,F,1,4,Q27.1_1,-0.006783130439745778,1
147,1.0,27.0,F,1,2,Q27.1_1,-1.0467716649295356,1
148,1.0,27.0,F,1,4,Q27.1_1,0.5757663148492381,1
149,1.0,27.0,F,1,4,Q27.1_1,-0.0031942361542604877,1
150,2.0,1.0,F,1,4,Q1.1_1,0.8606946881946042,1
151,2.0,1.0,F,2,4,Q1.1_1,0.8167727346088681,M
152,2.0,1.0,F,1,4,Q1.1_1,0.9223214405398666,1
153,2.0,1.0,F,1,4,Q1.1_1,0.8568769662691069,1
154,2.0,1.0,F,1,4,Q1.1_1,0.9122306597530658,1
155,2.0,1.0,F,1,3,Q1.1_1,1.1458804528406084,1
156,2.0,1.0,F,2,3,Q1.1_1,0.9888591772676428,M
157,2.0,1.0,F,2,4,Q1.1_1,-0.8423669640678023,M
158,2.0,1.0,F,1,5,Q1.1_1,0.6992266169127294,1
159,2.0,1.0,F,1,3,Q1.1_1,-0.092087709268724,1
160,2.0,2.0,F,1,4,Q2.1_1,0.8606946881946042,1
161,2.0,2.0,F,2,4,Q2.1_1,0.8719324740646947,M
162,2.0,2.0,F,1,4,Q2.1_1,0.8673000554435865,1
163,2.0,2.0,F,1,4,Q2.1_1,0.8568769662691069,1
164,2.0,2.0,F,1,4,Q2.1_1,0.9122306597530658,1
165,2.0,2.0,F,1,3,Q2.1_1,0.2694279818293802,1
166,2.0,2.0,F,2,3,Q2.1_1,1.716357754549014,M
167,2.0,2.0,F,2,4,Q2.1_1,1.006731249739568,M
168,2.0,2.0,F,1,5,Q2.1_1,-0.1398453233825435,1
169,2.0,2.0,F,1,3,Q2.1_1,0.9889419212772079,1
170,2.0,3.0,M,1,4,Q3.1_1,0.8058345451793674,1
171,2.0,3.0,M,2,4,Q3.1_1,0.8719324740646947,M
172,2.0,3.0,M,1,4,Q3.1_1,0.8122786703473063,1
173,2.0,3.0,M,1,4,Q3.1_1,0.8568769662691069,1
174,2.0,3.0,M,1,4,Q3.1_1,0.9122306597530658,1
175,2.0,3.0,M,1,3,Q3.1_1,1.1458804528406084,1
176,2.0,3.0,M,2,3,Q3.1_1,-1.1936365545764709,M
177,2.0,3.0,M,2,4,Q3.1_1,1.006731249739568,M
178,2.0,3.0,M,1,5,Q3.1_1,-0.9789172636778163,1
179,2.0,3.0,M,1,3,Q3.1_1,0.9889419212772079,1
180,2.0,4.0,M,1,4,Q4.1_1,0.8606946881946042,1
181,2.0,4.0,M,2,4,Q4.1_1,0.8719324740646947,M
182,2.0,4.0,M,1,4,Q4.1_1,0.9223214405398666,1
183,2.0,4.0,M,1,4,Q4.1_1,0.8568769662691069,1
184,2.0,4.0,M,1,4,Q4.1_1,0.8027386490247582,1
185,2.0,4.0,M,1,3,Q4.1_1,0.2694279818293802,1
186,2.0,4.0,M,2,3,Q4.1_1,0.9888591772676428,M
187,2.0,4.0,M,2,4,Q4.1_1,1.006731249739568,M
188,2.0,4.0,M,1,5,Q4.1_1,0.6992266169127294,1
189,2.0,4.0,M,1,3,Q4.1_1,0.9889419212772079,1
190,2.0,5.0,F,1,4,Q5.1_1,0.8606946881946042,1
191,2.0,5.0,F,2,4,Q5.1_1,0.8719324740646947,M
192,2.0,5.0,F,1,4,Q5.1_1,0.9223214405398666,1
193,2.0,5.0,F,1,4,Q5.1_1,0.8568769662691069,1
194,2.0,5.0,F,1,4,Q5.1_1,0.857484654388912,1
195,2.0,5.0,F,1,3,Q5.1_1,2.0223329238518364,1
196,2.0,5.0,F,2,3,Q5.1_1,0.9888591772676428,M
197,2.0,5.0,F,2,4,Q5.1_1,-0.8423669640678023,M
198,2.0,5.0,F,1,5,Q5.1_1,1.5382985572080021,1
199,2.0,5.0,F,1,3,Q5.1_1,0.9889419212772079,1
200,2.0,6.0,M,1,4,Q6.1_1,0.8606946881946042,1
201,2.0,6.0,M,2,4,Q6.1_1,0.8167727346088681,M
202,2.0,6.0,M,1,4,Q6.1_1,0.8673000554435865,1
203,2.0,6.0,M,1,4,Q6.1_1,0.8568769662691069,1
204,2.0,6.0,M,1,4,Q6.1_1,0.9122306597530658,1
205,2.0,6.0,M,1,3,Q6.1_1,1.1458804528406084,1
206,2.0,6.0,M,2,3,Q6.1_1,-1.1936365545764709,M
207,2.0,6.0,M,2,4,Q6.1_1,-0.8423669640678023,M
208,2.0,6.0,M,1,5,Q6.1_1,0.6992266169127294,1
209,2.0,6.0,M,1,3,Q6.1_1,0.9889419212772079,1
210,2.0,7.0,M,1,4,Q7.1_1,0.8606946881946042,1
211,2.0,7.0,M,2,4,Q7.1_1,0.8719324740646947,M
212,2.0,7.0,M,1,4,Q7.1_1,0.8673000554435865,1
213,2.0,7.0,M,1,4,Q7.1_1,0.8568769662691069,1
214,2.0,7.0,M,1,4,Q7.1_1,0.857484654388912,1
215,2.0,7.0,M,1,3,Q7.1_1,0.2694279818293802,1
216,2.0,7.0,M,2,3,Q7.1_1,-1.1936365545764709,M
217,2.0,7.0,M,2,4,Q7.1_1,-0.8423669640678023,M
218,2.0,7.0,M,1,5,Q7.1_1,-0.1398453233825435,1
219,2.0,7.0,M,1,3,Q7.1_1,0.9889419212772079,1
220,2.0,8.0,M,1,4,Q8.1_1,0.8606946881946042,1
221,2.0,8.0,M,2,4,Q8.1_1,0.8167727346088681,M
222,2.0,8.0,M,1,4,Q8.1_1,0.9223214405398666,1
223,2.0,8.0,M,1,4,Q8.1_1,0.8568769662691069,1
224,2.0,8.0,M,1,4,Q8.1_1,0.9122306597530658,1
225,2.0,8.0,M,1,3,Q8.1_1,0.2694279818293802,1
226,2.0,8.0,M,2,3,Q8.1_1,0.9888591772676428,M
227,2.0,8.0,M,2,4,Q8.1_1,-0.8423669640678023,M
228,2.0,8.0,M,1,5,Q8.1_1,0.6992266169127294,1
229,2.0,8.0,M,1,3,Q8.1_1,0.9889419212772079,1
230,2.0,9.0,M,1,4,Q9.1_1,0.8606946881946042,1
231,2.0,9.0,M,2,4,Q9.1_1,0.8719324740646947,M
232,2.0,9.0,M,1,4,Q9.1_1,0.8673000554435865,1
233,2.0,9.0,M,1,4,Q9.1_1,0.8568769662691069,1
234,2.0,9.0,M,1,4,Q9.1_1,0.857484654388912,1
235,2.0,9.0,M,1,3,Q9.1_1,1.1458804528406084,1
236,2.0,9.0,M,2,3,Q9.1_1,1.716357754549014,M
237,2.0,9.0,M,2,4,Q9.1_1,-0.8423669640678023,M
238,2.0,9.0,M,1,5,Q9.1_1,0.6992266169127294,1
239,2.0,9.0,M,1,3,Q9.1_1,0.9889419212772079,1
240,2.0,10.0,M,1,4,Q10.1_1,0.8606946881946042,1
241,2.0,10.0,M,2,4,Q10.1_1,0.8167727346088681,M
242,2.0,10.0,M,1,4,Q10.1_1,0.8673000554435865,1
243,2.0,10.0,M,1,4,Q10.1_1,0.8568769662691069,1
244,2.0,10.0,M,1,4,Q10.1_1,0.857484654388912,1
245,2.0,10.0,M,1,3,Q10.1_1,0.2694279818293802,1
246,2.0,10.0,M,2,3,Q10.1_1,0.9888591772676428,M
247,2.0,10.0,M,2,4,Q10.1_1,-0.8423669640678023,M
248,2.0,10.0,M,1,5,Q10.1_1,-0.1398453233825435,1
249,2.0,10.0,M,1,3,Q10.1_1,0.9889419212772079,1
250,2.0,11.0,M,1,4,Q11.1_1,0.8606946881946042,1
251,2.0,11.0,M,2,4,Q11.1_1,0.8167727346088681,M
252,2.0,11.0,M,1,4,Q11.1_1,0.8673000554435865,1
253,2.0,11.0,M,1,4,Q11.1_1,0.8568769662691069,1
254,2.0,11.0,M,1,4,Q11.1_1,0.857484654388912,1
255,2.0,11.0,M,1,3,Q11.1_1,2.0223329238518364,1
256,2.0,11.0,M,2,3,Q11.1_1,0.9888591772676428,M
257,2.0,11.0,M,2,4,Q11.1_1,1.006731249739568,M
258,2.0,11.0,M,1,5,Q11.1_1,0.6992266169127294,1
259,2.0,11.0,M,1,3,Q11.1_1,0.9889419212772079,1
260,2.0,13.0,M,1,4,Q13.1_1,0.8058345451793674,1
261,2.0,13.0,M,2,4,Q13.1_1,0.8167727346088681,M
262,2.0,13.0,M,1,4,Q13.1_1,0.8673000554435865,1
263,2.0,13.0,M,1,4,Q13.1_1,0.8568769662691069,1
264,2.0,13.0,M,1,4,Q13.1_1,0.857484654388912,1
265,2.0,13.0,M,1,3,Q13.1_1,1.1458804528406084,1
266,2.0,13.0,M,2,3,Q13.1_1,-0.4661379772950996,M
267,2.0,13.0,M,2,4,Q13.1_1,-0.8423669640678023,M
268,2.0,13.0,M,1,5,Q13.1_1,0.6992266169127294,1
269,2.0,13.0,M,1,3,Q13.1_1,0.9889419212772079,1
270,2.0,14.0,F,1,4,Q14.1_1,0.8606946881946042,1
271,2.0,14.0,F,2,4,Q14.1_1,0.8719324740646947,M
272,2.0,14.0,F,1,4,Q14.1_1,0.9223214405398666,1
273,2.0,14.0,F,1,4,Q14.1_1,0.8568769662691069,1
274,2.0,14.0,F,1,4,Q14.1_1,0.9122306597530658,1
275,2.0,14.0,F,1,3,Q14.1_1,1.1458804528406084,1
276,2.0,14.0,F,2,3,Q14.1_1,-0.4661379772950996,M
277,2.0,14.0,F,2,4,Q14.1_1,1.006731249739568,M
278,2.0,14.0,F,1,5,Q14.1_1,0.6992266169127294,1
279,2.0,14.0,F,1,3,Q14.1_1,-0.092087709268724,1
280,2.0,15.0,M,1,4,Q15.1_1,0.8058345451793674,1
281,2.0,15.0,M,2,4,Q15.1_1,0.8167727346088681,M
282,2.0,15.0,M,1,4,Q15.1_1,0.8673000554435865,1
283,2.0,15.0,M,1,4,Q15.1_1,0.8568769662691069,1
284,2.0,15.0,M,1,4,Q15.1_1,0.9122306597530658,1
285,2.0,15.0,M,1,3,Q15.1_1,-0.6070244891818479,1
286,2.0,15.0,M,2,3,Q15.1_1,0.9888591772676428,M
287,2.0,15.0,M,2,4,Q15.1_1,-0.8423669640678023,M
288,2.0,15.0,M,1,5,Q15.1_1,0.6992266169127294,1
289,2.0,15.0,M,1,3,Q15.1_1,0.9889419212772079,1
290,2.0,16.0,M,1,4,Q16.1_1,0.8606946881946042,1
291,2.0,16.0,M,2,4,Q16.1_1,0.8167727346088681,M
292,2.0,16.0,M,1,4,Q16.1_1,0.8673000554435865,1
293,2.0,16.0,M,1,4,Q16.1_1,0.8568769662691069,1
294,2.0,16.0,M,1,4,Q16.1_1,0.9122306597530658,1
295,2.0,16.0,M,1,3,Q16.1_1,0.2694279818293802,1
296,2.0,16.0,M,2,3,Q16.1_1,-1.1936365545764709,M
297,2.0,16.0,M,2,4,Q16.1_1,-0.8423669640678023,M
298,2.0,16.0,M,1,5,Q16.1_1,-0.1398453233825435,1
299,2.0,16.0,M,1,3,Q16.1_1,0.9889419212772079,1
300,2.0,17.0,M,1,4,Q17.1_1,0.8606946881946042,1
301,2.0,17.0,M,2,4,Q17.1_1,0.8719324740646947,M
302,2.0,17.0,M,1,4,Q17.1_1,0.8122786703473063,1
303,2.0,17.0,M,1,4,Q17.1_1,0.8568769662691069,1
304,2.0,17.0,M,1,4,Q17.1_1,0.857484654388912,1
305,2.0,17.0,M,1,3,Q17.1_1,2.0223329238518364,1
306,2.0,17.0,M,2,3,Q17.1_1,1.716357754549014,M
307,2.0,17.0,M,2,4,Q17.1_1,-0.8423669640678023,M
308,2.0,17.0,M,1,5,Q17.1_1,1.5382985572080021,1
309,2.0,17.0,M,1,3,Q17.1_1,0.9889419212772079,1
310,2.0,18.0,F,1,4,Q18.1_1,0.8058345451793674,1
311,2.0,18.0,F,2,4,Q18.1_1,0.8719324740646947,M
312,2.0,18.0,F,1,4,Q18.1_1,0.7572572852510262,1
313,2.0,18.0,F,1,4,Q18.1_1,0.8568769662691069,1
314,2.0,18.0,F,1,4,Q18.1_1,0.9122306597530658,1
315,2.0,18.0,F,1,3,Q18.1_1,2.0223329238518364,1
316,2.0,18.0,F,2,3,Q18.1_1,0.9888591772676428,M
317,2.0,18.0,F,2,4,Q18.1_1,1.006731249739568,M
318,2.0,18.0,F,1,5,Q18.1_1,0.6992266169127294,1
319,2.0,18.0,F,1,3,Q18.1_1,0.9889419212772079,1
320,2.0,19.0,M,1,4,Q19.1_1,0.8606946881946042,1
321,2.0,19.0,M,2,4,Q19.1_1,0.8719324740646947,M
322,2.0,19.0,M,1,4,Q19.1_1,0.8673000554435865,1
323,2.0,19.0,M,1,4,Q19.1_1,0.8568769662691069,1
324,2.0,19.0,M,1,4,Q19.1_1,0.857484654388912,1
325,2.0,19.0,M,1,3,Q19.1_1,1.1458804528406084,1
326,2.0,19.0,M,2,3,Q19.1_1,-1.1936365545764709,M
327,2.0,19.0,M,2,4,Q19.1_1,1.006731249739568,M
328,2.0,19.0,M,1,5,Q19.1_1,-0.9789172636778163,1
329,2.0,19.0,M,1,3,Q19.1_1,0.9889419212772079,1
330,2.0,20.0,M,1,4,Q20.1_1,0.8058345451793674,1
331,2.0,20.0,M,2,4,Q20.1_1,0.8167727346088681,M
332,2.0,20.0,M,1,4,Q20.1_1,0.8673000554435865,1
333,2.0,20.0,M,1,4,Q20.1_1,0.8568769662691069,1
334,2.0,20.0,M,1,4,Q20.1_1,0.8027386490247582,1
335,2.0,20.0,M,1,3,Q20.1_1,-1.4834769601930762,1
336,2.0,20.0,M,2,3,Q20.1_1,-0.4661379772950996,M
337,2.0,20.0,M,2,4,Q20.1_1,-0.8423669640678023,M
338,2.0,20.0,M,1,5,Q20.1_1,-0.9789172636778163,1
339,2.0,20.0,M,1,3,Q20.1_1,0.9889419212772079,1
340,2.0,22.0,F,1,4,Q22.1_1,0.8606946881946042,1
341,2.0,22.0,F,2,4,Q22.1_1,0.8719324740646947,M
342,2.0,22.0,F,1,4,Q22.1_1,0.8122786703473063,1
343,2.0,22.0,F,1,4,Q22.1_1,0.8568769662691069,1
344,2.0,22.0,F,1,4,Q22.1_1,0.8027386490247582,1
345,2.0,22.0,F,1,3,Q22.1_1,1.1458804528406084,1
346,2.0,22.0,F,2,3,Q22.1_1,1.716357754549014,M
347,2.0,22.0,F,2,4,Q22.1_1,1.006731249739568,M
348,2.0,22.0,F,1,5,Q22.1_1,-0.9789172636778163,1
349,2.0,22.0,F,1,3,Q22.1_1,0.9889419212772079,1
350,2.0,23.0,F,1,4,Q23.1_1,0.8058345451793674,1
351,2.0,23.0,F,2,4,Q23.1_1,0.8167727346088681,M
352,2.0,23.0,F,1,4,Q23.1_1,0.8673000554435865,1
353,2.0,23.0,F,1,4,Q23.1_1,0.8568769662691069,1
354,2.0,23.0,F,1,4,Q23.1_1,0.857484654388912,1
355,2.0,23.0,F,1,3,Q23.1_1,0.2694279818293802,1
356,2.0,23.0,F,2,3,Q23.1_1,-1.1936365545764709,M
357,2.0,23.0,F,2,4,Q23.1_1,-0.8423669640678023,M
358,2.0,23.0,F,1,5,Q23.1_1,-1.8179892039730892,1
359,2.0,23.0,F,1,3,Q23.1_1,0.9889419212772079,1
360,2.0,24.0,F,1,4,Q24.1_1,0.8606946881946042,1
361,2.0,24.0,F,2,4,Q24.1_1,0.8167727346088681,M
362,2.0,24.0,F,1,4,Q24.1_1,0.7572572852510262,1
363,2.0,24.0,F,1,4,Q24.1_1,0.8568769662691069,1
364,2.0,24.0,F,1,4,Q24.1_1,0.857484654388912,1
365,2.0,24.0,F,1,3,Q24.1_1,1.1458804528406084,1
366,2.0,24.0,F,2,3,Q24.1_1,0.9888591772676428,M
367,2.0,24.0,F,2,4,Q24.1_1,-0.8423669640678023,M
368,2.0,24.0,F,1,5,Q24.1_1,1.5382985572080021,1
369,2.0,24.0,F,1,3,Q24.1_1,0.9889419212772079,1
370,2.0,25.0,F,1,4,Q25.1_1,0.8058345451793674,1
371,2.0,25.0,F,2,4,Q25.1_1,0.8167727346088681,M
372,2.0,25.0,F,1,4,Q25.1_1,0.8673000554435865,1
373,2.0,25.0,F,1,4,Q25.1_1,0.8568769662691069,1
374,2.0,25.0,F,1,4,Q25.1_1,0.7479926436606045,1
375,2.0,25.0,F,1,3,Q25.1_1,0.2694279818293802,1
376,2.0,25.0,F,2,3,Q25.1_1,0.9888591772676428,M
377,2.0,25.0,F,2,4,Q25.1_1,1.006731249739568,M
378,2.0,25.0,F,1,5,Q25.1_1,0.6992266169127294,1
379,2.0,25.0,F,1,3,Q25.1_1,0.9889419212772079,1
380,2.0,26.0,F,1,4,Q26.1_1,0.8058345451793674,1
381,2.0,26.0,F,2,4,Q26.1_1,0.8719324740646947,M
382,2.0,26.0,F,1,4,Q26.1_1,0.7572572852510262,1
383,2.0,26.0,F,1,4,Q26.1_1,0.8568769662691069,1
384,2.0,26.0,F,1,4,Q26.1_1,0.857484654388912,1
385,2.0,26.0,F,1,3,Q26.1_1,-0.6070244891818479,1
386,2.0,26.0,F,2,3,Q26.1_1,0.9888591772676428,M
387,2.0,26.0,F,2,4,Q26.1_1,-0.8423669640678023,M
388,2.0,26.0,F,1,5,Q26.1_1,-0.1398453233825435,1
389,2.0,26.0,F,1,3,Q26.1_1,0.9889419212772079,1
390,2.0,27.0,F,1,4,Q27.1_1,0.8606946881946042,1
391,2.0,27.0,F,2,4,Q27.1_1,0.8719324740646947,M
392,2.0,27.0,F,1,4,Q27.1_1,0.8673000554435865,1
393,2.0,27.0,F,1,4,Q27.1_1,0.8568769662691069,1
394,2.0,27.0,F,1,4,Q27.1_1,0.8027386490247582,1
395,2.0,27.0,F,1,3,Q27.1_1,0.2694279818293802,1
396,2.0,27.0,F,2,3,Q27.1_1,1.716357754549014,M
397,2.0,27.0,F,2,4,Q27.1_1,-0.8423669640678023,M
398,2.0,27.0,F,1,5,Q27.1_1,-0.1398453233825435,1
399,2.0,27.0,F,1,3,Q27.1_1,0.9889419212772079,1
400,3.0,1.0,M,1,4,Q1.1_1,0.7631483538911183,1
401,3.0,1.0,M,1,3,Q1.1_1,0.8148237327507784,1
402,3.0,1.0,M,1,4,Q1.1_1,0.8663509990194385,1
403,3.0,1.0,M,1,4,Q1.1_1,0.8573365857872675,1
404,3.0,1.0,M,2,4,Q1.1_1,0.893384694628025,M
405,3.0,1.0,M,2,4,Q1.1_1,0.8543767943487534,M
406,3.0,1.0,M,1,3,Q1.1_1,0.8487527898214455,1
407,3.0,1.0,M,2,3,Q1.1_1,1.2333784540301802,M
408,3.0,1.0,M,2,4,Q1.1_1,-0.04993761694389369,M
409,3.0,1.0,M,2,4,Q1.1_1,0.6823248856105807,M
410,3.0,1.0,M,2,6,Q1.1_1,0.9522794564698457,M
411,3.0,2.0,M,1,4,Q2.1_1,0.7079810030074231,1
412,3.0,2.0,M,1,3,Q2.1_1,0.8148237327507784,1
413,3.0,2.0,M,1,4,Q2.1_1,0.8113510531611623,1
414,3.0,2.0,M,1,4,Q2.1_1,0.8010973053784817,1
415,3.0,2.0,M,2,4,Q2.1_1,0.7848764321225968,M
416,3.0,2.0,M,2,4,Q2.1_1,0.7449971193965659,M
417,3.0,2.0,M,1,3,Q2.1_1,0.8487527898214455,1
418,3.0,2.0,M,2,3,Q2.1_1,-0.25328307538119876,M
419,3.0,2.0,M,2,4,Q2.1_1,-0.04993761694389369,M
420,3.0,2.0,M,2,4,Q2.1_1,0.6823248856105807,M
421,3.0,2.0,M,2,6,Q2.1_1,0.10371360416998152,M
422,3.0,3.0,F,1,4,Q3.1_1,0.8734830556585089,1
423,3.0,3.0,F,1,3,Q3.1_1,0.8148237327507784,1
424,3.0,3.0,F,1,4,Q3.1_1,0.8113510531611623,1
425,3.0,3.0,F,1,4,Q3.1_1,0.8010973053784817,1
426,3.0,3.0,F,2,4,Q3.1_1,0.8391305633753109,M
427,3.0,3.0,F,2,4,Q3.1_1,0.8543767943487534,M
428,3.0,3.0,F,1,3,Q3.1_1,0.8487527898214455,1
429,3.0,3.0,F,2,3,Q3.1_1,1.2333784540301802,M
430,3.0,3.0,F,2,4,Q3.1_1,-0.04993761694389369,M
431,3.0,3.0,F,2,4,Q3.1_1,0.6823248856105807,M
432,3.0,3.0,F,2,6,Q3.1_1,0.10371360416998152,M
433,3.0,4.0,F,1,4,Q4.1_1,0.9286504065422043,1
434,3.0,4.0,F,1,3,Q4.1_1,0.8148237327507784,1
435,3.0,4.0,F,1,4,Q4.1_1,0.8663509990194385,1
436,3.0,4.0,F,1,4,Q4.1_1,0.9135758661960532,1
437,3.0,4.0,F,2,4,Q4.1_1,0.893384694628025,M
438,3.0,4.0,F,2,4,Q4.1_1,0.8543767943487534,M
439,3.0,4.0,F,1,3,Q4.1_1,0.8487527898214455,1
440,3.0,4.0,F,2,3,Q4.1_1,1.2333784540301802,M
441,3.0,4.0,F,2,4,Q4.1_1,-0.04993761694389369,M
442,3.0,4.0,F,2,4,Q4.1_1,0.6823248856105807,M
443,3.0,4.0,F,2,6,Q4.1_1,0.10371360416998152,M
444,3.0,5.0,M,1,4,Q5.1_1,0.9286504065422043,1
445,3.0,5.0,M,1,3,Q5.1_1,0.868482856614854,1
446,3.0,5.0,M,1,4,Q5.1_1,0.8663509990194385,1
447,3.0,5.0,M,1,4,Q5.1_1,0.8573365857872675,1
448,3.0,5.0,M,2,4,Q5.1_1,0.893384694628025,M
449,3.0,5.0,M,2,4,Q5.1_1,0.8543767943487534,M
450,3.0,5.0,M,1,3,Q5.1_1,0.8487527898214455,1
451,3.0,5.0,M,2,3,Q5.1_1,1.2333784540301802,M
452,3.0,5.0,M,2,4,Q5.1_1,-0.04993761694389369,M
453,3.0,5.0,M,2,4,Q5.1_1,0.6823248856105807,M
454,3.0,5.0,M,2,6,Q5.1_1,0.9522794564698457,M
455,3.0,6.0,M,1,4,Q6.1_1,0.7079810030074231,1
456,3.0,6.0,M,1,3,Q6.1_1,0.7611646088867028,1
457,3.0,6.0,M,1,4,Q6.1_1,0.8663509990194385,1
458,3.0,6.0,M,1,4,Q6.1_1,0.8010973053784817,1
459,3.0,6.0,M,2,4,Q6.1_1,0.893384694628025,M
460,3.0,6.0,M,2,4,Q6.1_1,0.7449971193965659,M
461,3.0,6.0,M,1,3,Q6.1_1,0.8487527898214455,1
462,3.0,6.0,M,2,3,Q6.1_1,1.2333784540301802,M
463,3.0,6.0,M,2,4,Q6.1_1,-0.04993761694389369,M
464,3.0,6.0,M,2,4,Q6.1_1,0.6823248856105807,M
465,3.0,6.0,M,2,6,Q6.1_1,0.9522794564698457,M
466,3.0,7.0,F,1,4,Q7.1_1,0.8183157047748136,1
467,3.0,7.0,F,1,3,Q7.1_1,0.868482856614854,1
468,3.0,7.0,F,1,4,Q7.1_1,0.8663509990194385,1
469,3.0,7.0,F,1,4,Q7.1_1,0.9135758661960532,1
470,3.0,7.0,F,2,4,Q7.1_1,0.893384694628025,M
471,3.0,7.0,F,2,4,Q7.1_1,0.8543767943487534,M
472,3.0,7.0,F,1,3,Q7.1_1,0.8487527898214455,1
473,3.0,7.0,F,2,3,Q7.1_1,1.2333784540301802,M
474,3.0,7.0,F,2,4,Q7.1_1,-0.04993761694389369,M
475,3.0,7.0,F,2,4,Q7.1_1,0.6823248856105807,M
476,3.0,7.0,F,2,6,Q7.1_1,0.9522794564698457,M
477,3.0,8.0,M,1,4,Q8.1_1,0.7079810030074231,1
478,3.0,8.0,M,1,3,Q8.1_1,0.8148237327507784,1
479,3.0,8.0,M,1,4,Q8.1_1,0.8663509990194385,1
480,3.0,8.0,M,1,4,Q8.1_1,0.9135758661960532,1
481,3.0,8.0,M,2,4,Q8.1_1,0.893384694628025,M
482,3.0,8.0,M,2,4,Q8.1_1,0.7996869568726596,M
483,3.0,8.0,M,1,3,Q8.1_1,1.9558216461102889,1
484,3.0,8.0,M,2,3,Q8.1_1,-0.25328307538119876,M
485,3.0,8.0,M,2,4,Q8.1_1,-0.04993761694389369,M
486,3.0,8.0,M,2,4,Q8.1_1,0.6823248856105807,M
487,3.0,8.0,M,2,6,Q8.1_1,0.9522794564698457,M
488,3.0,9.0,M,1,4,Q9.1_1,0.9286504065422043,1
489,3.0,9.0,M,1,3,Q9.1_1,0.8148237327507784,1
490,3.0,9.0,M,1,4,Q9.1_1,0.8663509990194385,1
491,3.0,9.0,M,1,4,Q9.1_1,0.8010973053784817,1
492,3.0,9.0,M,2,4,Q9.1_1,0.8391305633753109,M
493,3.0,9.0,M,2,4,Q9.1_1,0.8543767943487534,M
494,3.0,9.0,M,1,3,Q9.1_1,-0.25831606646739785,1
495,3.0,9.0,M,2,3,Q9.1_1,1.2333784540301802,M
496,3.0,9.0,M,2,4,Q9.1_1,-0.04993761694389369,M
497,3.0,9.0,M,2,4,Q9.1_1,0.6823248856105807,M
498,3.0,9.0,M,2,6,Q9.1_1,0.9522794564698457,M
499,3.0,10.0,M,1,4,Q10.1_1,0.8734830556585089,1
500,3.0,10.0,M,1,3,Q10.1_1,0.8148237327507784,1
501,3.0,10.0,M,1,4,Q10.1_1,0.8663509990194385,1
502,3.0,10.0,M,1,4,Q10.1_1,0.744858024969696,1
503,3.0,10.0,M,2,4,Q10.1_1,0.893384694628025,M
504,3.0,10.0,M,2,4,Q10.1_1,0.8543767943487534,M
505,3.0,10.0,M,1,3,Q10.1_1,0.8487527898214455,1
506,3.0,10.0,M,2,3,Q10.1_1,1.2333784540301802,M
507,3.0,10.0,M,2,4,Q10.1_1,-0.04993761694389369,M
508,3.0,10.0,M,2,4,Q10.1_1,0.6823248856105807,M
509,3.0,10.0,M,2,6,Q10.1_1,0.9522794564698457,M
510,3.0,11.0,M,1,4,Q11.1_1,0.7079810030074231,1
511,3.0,11.0,M,1,3,Q11.1_1,0.8148237327507784,1
512,3.0,11.0,M,1,4,Q11.1_1,0.8663509990194385,1
513,3.0,11.0,M,1,4,Q11.1_1,0.8010973053784817,1
514,3.0,11.0,M,2,4,Q11.1_1,0.893384694628025,M
515,3.0,11.0,M,2,4,Q11.1_1,0.8543767943487534,M
516,3.0,11.0,M,1,3,Q11.1_1,0.8487527898214455,1
517,3.0,11.0,M,2,3,Q11.1_1,1.2333784540301802,M
518,3.0,11.0,M,2,4,Q11.1_1,-0.04993761694389369,M
519,3.0,11.0,M,2,4,Q11.1_1,0.6823248856105807,M
520,3.0,11.0,M,2,6,Q11.1_1,0.9522794564698457,M
521,3.0,13.0,M,1,4,Q13.1_1,0.8734830556585089,1
522,3.0,13.0,M,1,3,Q13.1_1,0.8148237327507784,1
523,3.0,13.0,M,1,4,Q13.1_1,0.8113510531611623,1
524,3.0,13.0,M,1,4,Q13.1_1,0.8010973053784817,1
525,3.0,13.0,M,2,4,Q13.1_1,0.8391305633753109,M
526,3.0,13.0,M,2,4,Q13.1_1,0.8543767943487534,M
527,3.0,13.0,M,1,3,Q13.1_1,0.8487527898214455,1
528,3.0,13.0,M,2,3,Q13.1_1,1.2333784540301802,M
529,3.0,13.0,M,2,4,Q13.1_1,-0.04993761694389369,M
530,3.0,13.0,M,2,4,Q13.1_1,0.6823248856105807,M
531,3.0,13.0,M,2,6,Q13.1_1,0.9522794564698457,M
532,3.0,14.0,M,1,4,Q14.1_1,0.8734830556585089,1
533,3.0,14.0,M,1,3,Q14.1_1,0.8148237327507784,1
534,3.0,14.0,M,1,4,Q14.1_1,0.8663509990194385,1
535,3.0,14.0,M,1,4,Q14.1_1,0.8573365857872675,1
536,3.0,14.0,M,2,4,Q14.1_1,0.893384694628025,M
537,3.0,14.0,M,2,4,Q14.1_1,0.8543767943487534,M
538,3.0,14.0,M,1,3,Q14.1_1,0.8487527898214455,1
539,3.0,14.0,M,2,3,Q14.1_1,-0.25328307538119876,M
540,3.0,14.0,M,2,4,Q14.1_1,-0.04993761694389369,M
541,3.0,14.0,M,2,4,Q14.1_1,0.6823248856105807,M
542,3.0,14.0,M,2,6,Q14.1_1,0.9522794564698457,M
543,3.0,15.0,M,1,4,Q15.1_1,0.9286504065422043,1
544,3.0,15.0,M,1,3,Q15.1_1,0.8148237327507784,1
545,3.0,15.0,M,1,4,Q15.1_1,0.8663509990194385,1
546,3.0,15.0,M,1,4,Q15.1_1,0.744858024969696,1
547,3.0,15.0,M,2,4,Q15.1_1,0.8391305633753109,M
548,3.0,15.0,M,2,4,Q15.1_1,0.8543767943487534,M
549,3.0,15.0,M,1,3,Q15.1_1,0.8487527898214455,1
550,3.0,15.0,M,2,3,Q15.1_1,1.2333784540301802,M
551,3.0,15.0,M,2,4,Q15.1_1,-0.04993761694389369,M
552,3.0,15.0,M,2,4,Q15.1_1,0.6823248856105807,M
553,3.0,15.0,M,2,6,Q15.1_1,0.10371360416998152,M
554,3.0,16.0,F,1,4,Q16.1_1,0.7079810030074231,1
555,3.0,16.0,F,1,3,Q16.1_1,0.868482856614854,1
556,3.0,16.0,F,1,4,Q16.1_1,0.8663509990194385,1
557,3.0,16.0,F,1,4,Q16.1_1,0.8010973053784817,1
558,3.0,16.0,F,2,4,Q16.1_1,0.8391305633753109,M
559,3.0,16.0,F,2,4,Q16.1_1,0.8543767943487534,M
560,3.0,16.0,F,1,3,Q16.1_1,-0.25831606646739785,1
561,3.0,16.0,F,2,3,Q16.1_1,1.2333784540301802,M
562,3.0,16.0,F,2,4,Q16.1_1,-0.04993761694389369,M
563,3.0,16.0,F,2,4,Q16.1_1,0.6823248856105807,M
564,3.0,16.0,F,2,6,Q16.1_1,0.9522794564698457,M
565,3.0,17.0,M,1,4,Q17.1_1,0.9286504065422043,1
566,3.0,17.0,M,1,3,Q17.1_1,0.8148237327507784,1
567,3.0,17.0,M,1,4,Q17.1_1,0.8663509990194385,1
568,3.0,17.0,M,1,4,Q17.1_1,0.744858024969696,1
569,3.0,17.0,M,2,4,Q17.1_1,0.893384694628025,M
570,3.0,17.0,M,2,4,Q17.1_1,0.8543767943487534,M
571,3.0,17.0,M,1,3,Q17.1_1,-0.25831606646739785,1
572,3.0,17.0,M,2,3,Q17.1_1,1.2333784540301802,M
573,3.0,17.0,M,2,4,Q17.1_1,-0.04993761694389369,M
574,3.0,17.0,M,2,4,Q17.1_1,0.6823248856105807,M
575,3.0,17.0,M,2,6,Q17.1_1,0.9522794564698457,M
576,3.0,18.0,M,1,4,Q18.1_1,0.9286504065422043,1
577,3.0,18.0,M,1,3,Q18.1_1,0.7611646088867028,1
578,3.0,18.0,M,1,4,Q18.1_1,0.8113510531611623,1
579,3.0,18.0,M,1,4,Q18.1_1,0.8010973053784817,1
580,3.0,18.0,M,2,4,Q18.1_1,0.7848764321225968,M
581,3.0,18.0,M,2,4,Q18.1_1,0.8543767943487534,M
582,3.0,18.0,M,1,3,Q18.1_1,-0.25831606646739785,1
583,3.0,18.0,M,2,3,Q18.1_1,-0.25328307538119876,M
584,3.0,18.0,M,2,4,Q18.1_1,-0.04993761694389369,M
585,3.0,18.0,M,2,4,Q18.1_1,0.6823248856105807,M
586,3.0,18.0,M,2,6,Q18.1_1,0.9522794564698457,M
587,3.0,19.0,M,1,4,Q19.1_1,0.8734830556585089,1
588,3.0,19.0,M,1,3,Q19.1_1,0.8148237327507784,1
589,3.0,19.0,M,1,4,Q19.1_1,0.8663509990194385,1
590,3.0,19.0,M,1,4,Q19.1_1,0.9135758661960532,1
591,3.0,19.0,M,2,4,Q19.1_1,0.893384694628025,M
592,3.0,19.0,M,2,4,Q19.1_1,0.8543767943487534,M
593,3.0,19.0,M,1,3,Q19.1_1,0.8487527898214455,1
594,3.0,19.0,M,2,3,Q19.1_1,1.2333784540301802,M
595,3.0,19.0,M,2,4,Q19.1_1,-0.04993761694389369,M
596,3.0,19.0,M,2,4,Q19.1_1,0.6823248856105807,M
597,3.0,19.0,M,2,6,Q19.1_1,0.9522794564698457,M
598,3.0,20.0,M,1,4,Q20.1_1,0.9286504065422043,1
599,3.0,20.0,M,1,3,Q20.1_1,0.8148237327507784,1
600,3.0,20.0,M,1,4,Q20.1_1,0.8663509990194385,1
601,3.0,20.0,M,1,4,Q20.1_1,0.9135758661960532,1
602,3.0,20.0,M,2,4,Q20.1_1,0.893384694628025,M
603,3.0,20.0,M,2,4,Q20.1_1,0.7996869568726596,M
604,3.0,20.0,M,1,3,Q20.1_1,-0.25831606646739785,1
605,3.0,20.0,M,2,3,Q20.1_1,1.2333784540301802,M
606,3.0,20.0,M,2,4,Q20.1_1,-0.04993761694389369,M
607,3.0,20.0,M,2,4,Q20.1_1,0.6823248856105807,M
608,3.0,20.0,M,2,6,Q20.1_1,0.9522794564698457,M
609,3.0,22.0,M,1,4,Q22.1_1,0.7079810030074231,1
610,3.0,22.0,M,1,3,Q22.1_1,0.8148237327507784,1
611,3.0,22.0,M,1,4,Q22.1_1,0.8113510531611623,1
612,3.0,22.0,M,1,4,Q22.1_1,0.744858024969696,1
613,3.0,22.0,M,2,4,Q22.1_1,0.8391305633753109,M
614,3.0,22.0,M,2,4,Q22.1_1,0.7449971193965659,M
615,3.0,22.0,M,1,3,Q22.1_1,0.8487527898214455,1
616,3.0,22.0,M,2,3,Q22.1_1,-0.25328307538119876,M
617,3.0,22.0,M,2,4,Q22.1_1,-0.04993761694389369,M
618,3.0,22.0,M,2,4,Q22.1_1,0.6823248856105807,M
619,3.0,22.0,M,2,6,Q22.1_1,0.9522794564698457,M
620,3.0,23.0,M,1,4,Q23.1_1,0.7079810030074231,1
621,3.0,23.0,M,1,3,Q23.1_1,0.8148237327507784,1
622,3.0,23.0,M,1,4,Q23.1_1,0.8663509990194385,1
623,3.0,23.0,M,1,4,Q23.1_1,0.9135758661960532,1
624,3.0,23.0,M,2,4,Q23.1_1,0.893384694628025,M
625,3.0,23.0,M,2,4,Q23.1_1,0.8543767943487534,M
626,3.0,23.0,M,1,3,Q23.1_1,0.8487527898214455,1
627,3.0,23.0,M,2,3,Q23.1_1,1.2333784540301802,M
628,3.0,23.0,M,2,4,Q23.1_1,-0.04993761694389369,M
629,3.0,23.0,M,2,4,Q23.1_1,0.6823248856105807,M
630,3.0,23.0,M,2,6,Q23.1_1,0.9522794564698457,M
631,3.0,24.0,M,1,4,Q24.1_1,0.7079810030074231,1
632,3.0,24.0,M,1,3,Q24.1_1,0.8148237327507784,1
633,3.0,24.0,M,1,4,Q24.1_1,0.8113510531611623,1
634,3.0,24.0,M,1,4,Q24.1_1,0.9135758661960532,1
635,3.0,24.0,M,2,4,Q24.1_1,0.8391305633753109,M
636,3.0,24.0,M,2,4,Q24.1_1,0.8543767943487534,M
637,3.0,24.0,M,1,3,Q24.1_1,0.8487527898214455,1
638,3.0,24.0,M,2,3,Q24.1_1,1.2333784540301802,M
639,3.0,24.0,M,2,4,Q24.1_1,-0.04993761694389369,M
640,3.0,24.0,M,2,4,Q24.1_1,0.6823248856105807,M
641,3.0,24.0,M,2,6,Q24.1_1,0.9522794564698457,M
642,3.0,25.0,F,1,4,Q25.1_1,0.7079810030074231,1
643,3.0,25.0,F,1,3,Q25.1_1,0.8148237327507784,1
644,3.0,25.0,F,1,4,Q25.1_1,0.8663509990194385,1
645,3.0,25.0,F,1,4,Q25.1_1,0.9135758661960532,1
646,3.0,25.0,F,2,4,Q25.1_1,0.893384694628025,M
647,3.0,25.0,F,2,4,Q25.1_1,0.8543767943487534,M
648,3.0,25.0,F,1,3,Q25.1_1,0.8487527898214455,1
649,3.0,25.0,F,2,3,Q25.1_1,1.2333784540301802,M
650,3.0,25.0,F,2,4,Q25.1_1,-0.04993761694389369,M
651,3.0,25.0,F,2,4,Q25.1_1,0.6823248856105807,M
652,3.0,25.0,F,2,6,Q25.1_1,0.9522794564698457,M
653,3.0,26.0,F,1,4,Q26.1_1,0.7079810030074231,1
654,3.0,26.0,F,1,3,Q26.1_1,0.868482856614854,1
655,3.0,26.0,F,1,4,Q26.1_1,0.8663509990194385,1
656,3.0,26.0,F,1,4,Q26.1_1,0.8573365857872675,1
657,3.0,26.0,F,2,4,Q26.1_1,0.893384694628025,M
658,3.0,26.0,F,2,4,Q26.1_1,0.909066631824847,M
659,3.0,26.0,F,1,3,Q26.1_1,-0.25831606646739785,1
660,3.0,26.0,F,2,3,Q26.1_1,1.2333784540301802,M
661,3.0,26.0,F,2,4,Q26.1_1,-0.04993761694389369,M
662,3.0,26.0,F,2,4,Q26.1_1,0.6823248856105807,M
663,3.0,26.0,F,2,6,Q26.1_1,0.10371360416998152,M
664,3.0,27.0,F,1,4,Q27.1_1,0.8734830556585089,1
665,3.0,27.0,F,1,3,Q27.1_1,0.8148237327507784,1
666,3.0,27.0,F,1,4,Q27.1_1,0.8663509990194385,1
667,3.0,27.0,F,1,4,Q27.1_1,0.8010973053784817,1
668,3.0,27.0,F,2,4,Q27.1_1,0.8391305633753109,M
669,3.0,27.0,F,2,4,Q27.1_1,0.8543767943487534,M
670,3.0,27.0,F,1,3,Q27.1_1,-0.25831606646739785,1
671,3.0,27.0,F,2,3,Q27.1_1,1.2333784540301802,M
672,3.0,27.0,F,2,4,Q27.1_1,-0.04993761694389369,M
673,3.0,27.0,F,2,4,Q27.1_1,0.6823248856105807,M
674,3.0,27.0,F,2,6,Q27.1_1,0.10371360416998152,M
675,4.0,1.0,F,2,3,Q1.1_1,0.940975211261758,M
676,4.0,1.0,F,2,3,Q1.1_1,-1.0149261982873055,M
677,4.0,1.0,F,2,3,Q1.1_1,1.2075885500540076,M
678,4.0,1.0,F,2,3,Q1.1_1,1.0066289710764391,M
679,4.0,1.0,F,1,4,Q1.1_1,0.7154674959081824,1
680,4.0,1.0,F,1,4,Q1.1_1,0.9463786671438924,1
681,4.0,1.0,F,1,4,Q1.1_1,-0.15115053954379887,1
682,4.0,1.0,F,1,3,Q1.1_1,1.5364629724898518,1
683,4.0,2.0,F,2,3,Q2.1_1,0.940975211261758,M
684,4.0,2.0,F,2,3,Q2.1_1,-1.0149261982873055,M
685,4.0,2.0,F,2,3,Q2.1_1,1.2075885500540076,M
686,4.0,2.0,F,2,3,Q2.1_1,1.0066289710764391,M
687,4.0,2.0,F,1,4,Q2.1_1,1.441693901529268,1
688,4.0,2.0,F,1,4,Q2.1_1,0.9463786671438924,1
689,4.0,2.0,F,1,4,Q2.1_1,-0.15115053954379887,1
690,4.0,2.0,F,1,3,Q2.1_1,0.6306878577032579,1
691,4.0,3.0,F,2,3,Q3.1_1,0.940975211261758,M
692,4.0,3.0,F,2,3,Q3.1_1,-1.0149261982873055,M
693,4.0,3.0,F,2,3,Q3.1_1,1.2075885500540076,M
694,4.0,3.0,F,2,3,Q3.1_1,-0.02679240607427712,M
695,4.0,3.0,F,1,4,Q3.1_1,1.441693901529268,1
696,4.0,3.0,F,1,4,Q3.1_1,0.9463786671438924,1
697,4.0,3.0,F,1,4,Q3.1_1,-0.15115053954379887,1
698,4.0,3.0,F,1,3,Q3.1_1,1.5364629724898518,1
699,4.0,4.0,M,2,3,Q4.1_1,-0.3105681731750605,M
700,4.0,4.0,M,2,3,Q4.1_1,-1.0149261982873055,M
701,4.0,4.0,M,2,3,Q4.1_1,1.2075885500540076,M
702,4.0,4.0,M,2,3,Q4.1_1,-0.02679240607427712,M
703,4.0,4.0,M,1,4,Q4.1_1,-0.010758909712903214,1
704,4.0,4.0,M,1,4,Q4.1_1,-1.4756330876319563,1
705,4.0,4.0,M,1,4,Q4.1_1,-1.6086735994304693,1
706,4.0,4.0,M,1,3,Q4.1_1,1.5364629724898518,1
707,4.0,5.0,M,2,3,Q5.1_1,0.940975211261758,M
708,4.0,5.0,M,2,3,Q5.1_1,-1.0149261982873055,M
709,4.0,5.0,M,2,3,Q5.1_1,1.2075885500540076,M
710,4.0,5.0,M,2,3,Q5.1_1,-0.02679240607427712,M
711,4.0,5.0,M,1,4,Q5.1_1,1.441693901529268,1
712,4.0,5.0,M,1,4,Q5.1_1,0.9463786671438924,1
713,4.0,5.0,M,1,4,Q5.1_1,-1.6086735994304693,1
714,4.0,5.0,M,1,3,Q5.1_1,-0.27508725708333603,1
715,4.0,6.0,F,2,3,Q6.1_1,0.940975211261758,M
716,4.0,6.0,F,2,3,Q6.1_1,-1.0149261982873055,M
717,4.0,6.0,F,2,3,Q6.1_1,1.2075885500540076,M
718,4.0,6.0,F,2,3,Q6.1_1,-0.02679240607427712,M
719,4.0,6.0,F,1,4,Q6.1_1,0.7154674959081824,1
720,4.0,6.0,F,1,4,Q6.1_1,0.9463786671438924,1
721,4.0,6.0,F,1,4,Q6.1_1,-0.15115053954379887,1
722,4.0,6.0,F,1,3,Q6.1_1,1.5364629724898518,1
723,4.0,7.0,M,2,3,Q7.1_1,0.940975211261758,M
724,4.0,7.0,M,2,3,Q7.1_1,-1.0149261982873055,M
725,4.0,7.0,M,2,3,Q7.1_1,1.2075885500540076,M
726,4.0,7.0,M,2,3,Q7.1_1,-0.02679240607427712,M
727,4.0,7.0,M,1,4,Q7.1_1,1.441693901529268,1
728,4.0,7.0,M,1,4,Q7.1_1,0.9463786671438924,1
729,4.0,7.0,M,1,4,Q7.1_1,-0.15115053954379887,1
730,4.0,7.0,M,1,3,Q7.1_1,-0.27508725708333603,1
731,4.0,8.0,M,2,3,Q8.1_1,0.940975211261758,M
732,4.0,8.0,M,2,3,Q8.1_1,-1.0149261982873055,M
733,4.0,8.0,M,2,3,Q8.1_1,1.2075885500540076,M
734,4.0,8.0,M,2,3,Q8.1_1,1.0066289710764391,M
735,4.0,8.0,M,1,4,Q8.1_1,-0.010758909712903214,1
736,4.0,8.0,M,1,4,Q8.1_1,0.9463786671438924,1
737,4.0,8.0,M,1,4,Q8.1_1,-1.6086735994304693,1
738,4.0,8.0,M,1,3,Q8.1_1,-0.27508725708333603,1
739,4.0,9.0,F,2,3,Q9.1_1,0.940975211261758,M
740,4.0,9.0,F,2,3,Q9.1_1,-1.0149261982873055,M
741,4.0,9.0,F,2,3,Q9.1_1,1.2075885500540076,M
742,4.0,9.0,F,2,3,Q9.1_1,-0.02679240607427712,M
743,4.0,9.0,F,1,4,Q9.1_1,0.7154674959081824,1
744,4.0,9.0,F,1,4,Q9.1_1,0.9463786671438924,1
745,4.0,9.0,F,1,4,Q9.1_1,-0.15115053954379887,1
746,4.0,9.0,F,1,3,Q9.1_1,-0.27508725708333603,1
747,4.0,10.0,M,2,3,Q10.1_1,0.940975211261758,M
748,4.0,10.0,M,2,3,Q10.1_1,-1.0149261982873055,M
749,4.0,10.0,M,2,3,Q10.1_1,1.2075885500540076,M
750,4.0,10.0,M,2,3,Q10.1_1,1.0066289710764391,M
751,4.0,10.0,M,1,4,Q10.1_1,-0.010758909712903214,1
752,4.0,10.0,M,1,4,Q10.1_1,0.9463786671438924,1
753,4.0,10.0,M,1,4,Q10.1_1,-0.15115053954379887,1
754,4.0,10.0,M,1,3,Q10.1_1,0.6306878577032579,1
755,4.0,11.0,M,2,3,Q11.1_1,0.940975211261758,M
756,4.0,11.0,M,2,3,Q11.1_1,-1.0149261982873055,M
757,4.0,11.0,M,2,3,Q11.1_1,2.5223018908386137,M
758,4.0,11.0,M,2,3,Q11.1_1,-0.02679240607427712,M
759,4.0,11.0,M,1,4,Q11.1_1,0.7154674959081824,1
760,4.0,11.0,M,1,4,Q11.1_1,0.9463786671438924,1
761,4.0,11.0,M,1,4,Q11.1_1,-0.15115053954379887,1
762,4.0,11.0,M,1,3,Q11.1_1,0.6306878577032579,1
763,4.0,13.0,M,2,3,Q13.1_1,0.940975211261758,M
764,4.0,13.0,M,2,3,Q13.1_1,-1.0149261982873055,M
765,4.0,13.0,M,2,3,Q13.1_1,1.2075885500540076,M
766,4.0,13.0,M,2,3,Q13.1_1,-0.02679240607427712,M
767,4.0,13.0,M,1,4,Q13.1_1,-0.010758909712903214,1
768,4.0,13.0,M,1,4,Q13.1_1,0.9463786671438924,1
769,4.0,13.0,M,1,4,Q13.1_1,-0.15115053954379887,1
770,4.0,13.0,M,1,3,Q13.1_1,1.5364629724898518,1
771,4.0,14.0,M,2,3,Q14.1_1,0.940975211261758,M
772,4.0,14.0,M,2,3,Q14.1_1,-1.0149261982873055,M
773,4.0,14.0,M,2,3,Q14.1_1,-0.10712479073059873,M
774,4.0,14.0,M,2,3,Q14.1_1,1.0066289710764391,M
775,4.0,14.0,M,1,4,Q14.1_1,0.7154674959081824,1
776,4.0,14.0,M,1,4,Q14.1_1,0.9463786671438924,1
777,4.0,14.0,M,1,4,Q14.1_1,-0.15115053954379887,1
778,4.0,14.0,M,1,3,Q14.1_1,1.5364629724898518,1
779,4.0,15.0,M,2,3,Q15.1_1,0.940975211261758,M
780,4.0,15.0,M,2,3,Q15.1_1,-1.0149261982873055,M
781,4.0,15.0,M,2,3,Q15.1_1,1.2075885500540076,M
782,4.0,15.0,M,2,3,Q15.1_1,-0.02679240607427712,M
783,4.0,15.0,M,1,4,Q15.1_1,0.7154674959081824,1
784,4.0,15.0,M,1,4,Q15.1_1,-0.264627210244032,1
785,4.0,15.0,M,1,4,Q15.1_1,-1.6086735994304693,1
786,4.0,15.0,M,1,3,Q15.1_1,0.6306878577032579,1
787,4.0,16.0,M,2,3,Q16.1_1,0.940975211261758,M
788,4.0,16.0,M,2,3,Q16.1_1,-1.0149261982873055,M
789,4.0,16.0,M,2,3,Q16.1_1,1.2075885500540076,M
790,4.0,16.0,M,2,3,Q16.1_1,-0.02679240607427712,M
791,4.0,16.0,M,1,4,Q16.1_1,-0.010758909712903214,1
792,4.0,16.0,M,1,4,Q16.1_1,0.9463786671438924,1
793,4.0,16.0,M,1,4,Q16.1_1,-1.6086735994304693,1
794,4.0,16.0,M,1,3,Q16.1_1,1.5364629724898518,1
795,4.0,17.0,M,2,3,Q17.1_1,0.940975211261758,M
796,4.0,17.0,M,2,3,Q17.1_1,-1.0149261982873055,M
797,4.0,17.0,M,2,3,Q17.1_1,1.2075885500540076,M
798,4.0,17.0,M,2,3,Q17.1_1,-0.02679240607427712,M
799,4.0,17.0,M,1,4,Q17.1_1,-0.010758909712903214,1
800,4.0,17.0,M,1,4,Q17.1_1,0.9463786671438924,1
801,4.0,17.0,M,1,4,Q17.1_1,-1.6086735994304693,1
802,4.0,17.0,M,1,3,Q17.1_1,1.5364629724898518,1
803,4.0,18.0,F,2,3,Q18.1_1,0.940975211261758,M
804,4.0,18.0,F,2,3,Q18.1_1,0.9852933165854911,M
805,4.0,18.0,F,2,3,Q18.1_1,1.2075885500540076,M
806,4.0,18.0,F,2,3,Q18.1_1,-0.02679240607427712,M
807,4.0,18.0,F,1,4,Q18.1_1,1.441693901529268,1
808,4.0,18.0,F,1,4,Q18.1_1,0.9463786671438924,1
809,4.0,18.0,F,1,4,Q18.1_1,-0.15115053954379887,1
810,4.0,18.0,F,1,3,Q18.1_1,-0.27508725708333603,1
811,4.0,19.0,M,2,3,Q19.1_1,0.940975211261758,M
812,4.0,19.0,M,2,3,Q19.1_1,-1.0149261982873055,M
813,4.0,19.0,M,2,3,Q19.1_1,1.2075885500540076,M
814,4.0,19.0,M,2,3,Q19.1_1,1.0066289710764391,M
815,4.0,19.0,M,1,4,Q19.1_1,0.7154674959081824,1
816,4.0,19.0,M,1,4,Q19.1_1,0.9463786671438924,1
817,4.0,19.0,M,1,4,Q19.1_1,1.3063725203428715,1
818,4.0,19.0,M,1,3,Q19.1_1,1.5364629724898518,1
819,4.0,20.0,M,2,3,Q20.1_1,0.940975211261758,M
820,4.0,20.0,M,2,3,Q20.1_1,-1.0149261982873055,M
821,4.0,20.0,M,2,3,Q20.1_1,1.2075885500540076,M
822,4.0,20.0,M,2,3,Q20.1_1,1.0066289710764391,M
823,4.0,20.0,M,1,4,Q20.1_1,0.7154674959081824,1
824,4.0,20.0,M,1,4,Q20.1_1,-0.264627210244032,1
825,4.0,20.0,M,1,4,Q20.1_1,-0.15115053954379887,1
826,4.0,20.0,M,1,3,Q20.1_1,0.6306878577032579,1
827,4.0,22.0,M,2,3,Q22.1_1,0.940975211261758,M
828,4.0,22.0,M,2,3,Q22.1_1,-1.0149261982873055,M
829,4.0,22.0,M,2,3,Q22.1_1,-0.10712479073059873,M
830,4.0,22.0,M,2,3,Q22.1_1,-0.02679240607427712,M
831,4.0,22.0,M,1,4,Q22.1_1,1.441693901529268,1
832,4.0,22.0,M,1,4,Q22.1_1,0.9463786671438924,1
833,4.0,22.0,M,1,4,Q22.1_1,-1.6086735994304693,1
834,4.0,22.0,M,1,3,Q22.1_1,-1.1808623718699298,1
835,4.0,23.0,M,2,3,Q23.1_1,0.940975211261758,M
836,4.0,23.0,M,2,3,Q23.1_1,-1.0149261982873055,M
837,4.0,23.0,M,2,3,Q23.1_1,1.2075885500540076,M
838,4.0,23.0,M,2,3,Q23.1_1,1.0066289710764391,M
839,4.0,23.0,M,1,4,Q23.1_1,1.441693901529268,1
840,4.0,23.0,M,1,4,Q23.1_1,0.9463786671438924,1
841,4.0,23.0,M,1,4,Q23.1_1,-0.15115053954379887,1
842,4.0,23.0,M,1,3,Q23.1_1,0.6306878577032579,1
843,4.0,24.0,M,2,3,Q24.1_1,0.940975211261758,M
844,4.0,24.0,M,2,3,Q24.1_1,-1.0149261982873055,M
845,4.0,24.0,M,2,3,Q24.1_1,1.2075885500540076,M
846,4.0,24.0,M,2,3,Q24.1_1,-0.02679240607427712,M
847,4.0,24.0,M,1,4,Q24.1_1,-0.7369853153339888,1
848,4.0,24.0,M,1,4,Q24.1_1,0.9463786671438924,1
849,4.0,24.0,M,1,4,Q24.1_1,-0.15115053954379887,1
850,4.0,24.0,M,1,3,Q24.1_1,0.6306878577032579,1
851,4.0,25.0,F,2,3,Q25.1_1,0.940975211261758,M
852,4.0,25.0,F,2,3,Q25.1_1,-1.0149261982873055,M
853,4.0,25.0,F,2,3,Q25.1_1,1.2075885500540076,M
854,4.0,25.0,F,2,3,Q25.1_1,-1.0602137832249934,M
855,4.0,25.0,F,1,4,Q25.1_1,0.7154674959081824,1
856,4.0,25.0,F,1,4,Q25.1_1,-0.264627210244032,1
857,4.0,25.0,F,1,4,Q25.1_1,-0.15115053954379887,1
858,4.0,25.0,F,1,3,Q25.1_1,1.5364629724898518,1
859,4.0,26.0,F,2,3,Q26.1_1,0.940975211261758,M
860,4.0,26.0,F,2,3,Q26.1_1,-1.0149261982873055,M
861,4.0,26.0,F,2,3,Q26.1_1,1.2075885500540076,M
862,4.0,26.0,F,2,3,Q26.1_1,-0.02679240607427712,M
863,4.0,26.0,F,1,4,Q26.1_1,0.7154674959081824,1
864,4.0,26.0,F,1,4,Q26.1_1,0.9463786671438924,1
865,4.0,26.0,F,1,4,Q26.1_1,-0.15115053954379887,1
866,4.0,26.0,F,1,3,Q26.1_1,2.4422380872764458,1
867,4.0,27.0,F,2,3,Q27.1_1,0.940975211261758,M
868,4.0,27.0,F,2,3,Q27.1_1,-1.0149261982873055,M
869,4.0,27.0,F,2,3,Q27.1_1,-0.10712479073059873,M
870,4.0,27.0,F,2,3,Q27.1_1,-1.0602137832249934,M
871,4.0,27.0,F,1,4,Q27.1_1,-0.010758909712903214,1
872,4.0,27.0,F,1,4,Q27.1_1,0.9463786671438924,1
873,4.0,27.0,F,1,4,Q27.1_1,-1.6086735994304693,1
874,4.0,27.0,F,1,3,Q27.1_1,0.6306878577032579,1
875,5.0,1.0,F,2,4,Q1.1_1,0.9870662739154508,M
876,5.0,1.0,F,2,3,Q1.1_1,-0.22340962210997253,M
877,5.0,1.0,F,2,4,Q1.1_1,0.8817817453087825,M
878,5.0,1.0,F,2,5,Q1.1_1,1.2522545070791062,M
879,5.0,1.0,F,1,3,Q1.1_1,-0.5715864914068529,1
880,5.0,2.0,F,2,4,Q2.1_1,0.9870662739154508,M
881,5.0,2.0,F,2,3,Q2.1_1,0.5702824564386236,M
882,5.0,2.0,F,2,4,Q2.1_1,0.8817817453087825,M
883,5.0,2.0,F,2,5,Q2.1_1,0.19895632355462534,M
884,5.0,2.0,F,1,3,Q2.1_1,0.47826624791185685,1
885,5.0,3.0,M,2,4,Q3.1_1,1.8121681127921434,M
886,5.0,3.0,M,2,3,Q3.1_1,0.5702824564386236,M
887,5.0,3.0,M,2,4,Q3.1_1,0.06363373419753944,M
888,5.0,3.0,M,2,5,Q3.1_1,0.19895632355462534,M
889,5.0,3.0,M,1,3,Q3.1_1,0.47826624791185685,1
890,5.0,4.0,F,2,4,Q4.1_1,1.8121681127921434,M
891,5.0,4.0,F,2,3,Q4.1_1,1.3639745349872197,M
892,5.0,4.0,F,2,4,Q4.1_1,0.06363373419753944,M
893,5.0,4.0,F,2,5,Q4.1_1,0.19895632355462534,M
894,5.0,4.0,F,1,3,Q4.1_1,1.5281189872305667,1
895,5.0,5.0,F,2,4,Q5.1_1,0.9870662739154508,M
896,5.0,5.0,F,2,3,Q5.1_1,1.3639745349872197,M
897,5.0,5.0,F,2,4,Q5.1_1,0.06363373419753944,M
898,5.0,5.0,F,2,5,Q5.1_1,-0.8543418599698556,M
899,5.0,5.0,F,1,3,Q5.1_1,-0.5715864914068529,1
900,5.0,6.0,F,2,4,Q6.1_1,0.9870662739154508,M
901,5.0,6.0,F,2,3,Q6.1_1,0.5702824564386236,M
902,5.0,6.0,F,2,4,Q6.1_1,0.06363373419753944,M
903,5.0,6.0,F,2,5,Q6.1_1,-0.8543418599698556,M
904,5.0,6.0,F,1,3,Q6.1_1,0.47826624791185685,1
905,5.0,7.0,F,2,4,Q7.1_1,1.8121681127921434,M
906,5.0,7.0,F,2,3,Q7.1_1,0.5702824564386236,M
907,5.0,7.0,F,2,4,Q7.1_1,0.06363373419753944,M
908,5.0,7.0,F,2,5,Q7.1_1,0.19895632355462534,M
909,5.0,7.0,F,1,3,Q7.1_1,1.5281189872305667,1
910,5.0,8.0,F,2,4,Q8.1_1,0.9870662739154508,M
911,5.0,8.0,F,2,3,Q8.1_1,1.3639745349872197,M
912,5.0,8.0,F,2,4,Q8.1_1,0.8817817453087825,M
913,5.0,8.0,F,2,5,Q8.1_1,0.19895632355462534,M
914,5.0,8.0,F,1,3,Q8.1_1,-0.5715864914068529,1
915,5.0,9.0,M,2,4,Q9.1_1,1.8121681127921434,M
916,5.0,9.0,M,2,3,Q9.1_1,0.5702824564386236,M
917,5.0,9.0,M,2,4,Q9.1_1,0.8817817453087825,M
918,5.0,9.0,M,2,5,Q9.1_1,0.19895632355462534,M
919,5.0,9.0,M,1,3,Q9.1_1,0.47826624791185685,1
920,5.0,10.0,M,2,4,Q10.1_1,1.8121681127921434,M
921,5.0,10.0,M,2,3,Q10.1_1,0.5702824564386236,M
922,5.0,10.0,M,2,4,Q10.1_1,0.8817817453087825,M
923,5.0,10.0,M,2,5,Q10.1_1,0.19895632355462534,M
924,5.0,10.0,M,1,3,Q10.1_1,0.47826624791185685,1
925,5.0,11.0,M,2,4,Q11.1_1,0.9870662739154508,M
926,5.0,11.0,M,2,3,Q11.1_1,-0.22340962210997253,M
927,5.0,11.0,M,2,4,Q11.1_1,0.06363373419753944,M
928,5.0,11.0,M,2,5,Q11.1_1,-0.8543418599698556,M
929,5.0,11.0,M,1,3,Q11.1_1,-0.5715864914068529,1
930,5.0,13.0,M,2,4,Q13.1_1,0.9870662739154508,M
931,5.0,13.0,M,2,3,Q13.1_1,0.5702824564386236,M
932,5.0,13.0,M,2,4,Q13.1_1,0.8817817453087825,M
933,5.0,13.0,M,2,5,Q13.1_1,0.19895632355462534,M
934,5.0,13.0,M,1,3,Q13.1_1,1.5281189872305667,1
935,5.0,14.0,M,2,4,Q14.1_1,0.1619644350387581,M
936,5.0,14.0,M,2,3,Q14.1_1,1.3639745349872197,M
937,5.0,14.0,M,2,4,Q14.1_1,0.8817817453087825,M
938,5.0,14.0,M,2,5,Q14.1_1,2.3055526906035873,M
939,5.0,14.0,M,1,3,Q14.1_1,0.47826624791185685,1
940,5.0,15.0,M,2,4,Q15.1_1,-0.6631374038379346,M
941,5.0,15.0,M,2,3,Q15.1_1,-0.22340962210997253,M
942,5.0,15.0,M,2,4,Q15.1_1,0.06363373419753944,M
943,5.0,15.0,M,2,5,Q15.1_1,2.3055526906035873,M
944,5.0,15.0,M,1,3,Q15.1_1,0.47826624791185685,1
945,5.0,16.0,M,2,4,Q16.1_1,-1.4882392427146272,M
946,5.0,16.0,M,2,3,Q16.1_1,1.3639745349872197,M
947,5.0,16.0,M,2,4,Q16.1_1,0.8817817453087825,M
948,5.0,16.0,M,2,5,Q16.1_1,0.19895632355462534,M
949,5.0,16.0,M,1,3,Q16.1_1,-0.5715864914068529,1
950,5.0,17.0,M,2,4,Q17.1_1,0.9870662739154508,M
951,5.0,17.0,M,2,3,Q17.1_1,1.3639745349872197,M
952,5.0,17.0,M,2,4,Q17.1_1,0.8817817453087825,M
953,5.0,17.0,M,2,5,Q17.1_1,2.3055526906035873,M
954,5.0,17.0,M,1,3,Q17.1_1,0.47826624791185685,1
955,5.0,18.0,M,2,4,Q18.1_1,-0.6631374038379346,M
956,5.0,18.0,M,2,3,Q18.1_1,0.5702824564386236,M
957,5.0,18.0,M,2,4,Q18.1_1,0.06363373419753944,M
958,5.0,18.0,M,2,5,Q18.1_1,-0.8543418599698556,M
959,5.0,18.0,M,1,3,Q18.1_1,0.47826624791185685,1
960,5.0,19.0,F,2,4,Q19.1_1,1.8121681127921434,M
961,5.0,19.0,F,2,3,Q19.1_1,1.3639745349872197,M
962,5.0,19.0,F,2,4,Q19.1_1,0.8817817453087825,M
963,5.0,19.0,F,2,5,Q19.1_1,2.3055526906035873,M
964,5.0,19.0,F,1,3,Q19.1_1,-0.5715864914068529,1
965,5.0,20.0,M,2,4,Q20.1_1,0.9870662739154508,M
966,5.0,20.0,M,2,3,Q20.1_1,0.5702824564386236,M
967,5.0,20.0,M,2,4,Q20.1_1,0.8817817453087825,M
968,5.0,20.0,M,2,5,Q20.1_1,1.2522545070791062,M
969,5.0,20.0,M,1,3,Q20.1_1,-0.5715864914068529,1
970,5.0,22.0,M,2,4,Q22.1_1,1.8121681127921434,M
971,5.0,22.0,M,2,3,Q22.1_1,1.3639745349872197,M
972,5.0,22.0,M,2,4,Q22.1_1,0.06363373419753944,M
973,5.0,22.0,M,2,5,Q22.1_1,2.3055526906035873,M
974,5.0,22.0,M,1,3,Q22.1_1,0.47826624791185685,1
975,5.0,23.0,M,2,4,Q23.1_1,-1.4882392427146272,M
976,5.0,23.0,M,2,3,Q23.1_1,-0.22340962210997253,M
977,5.0,23.0,M,2,4,Q23.1_1,0.8817817453087825,M
978,5.0,23.0,M,2,5,Q23.1_1,-0.8543418599698556,M
979,5.0,23.0,M,1,3,Q23.1_1,0.47826624791185685,1
980,5.0,24.0,M,2,4,Q24.1_1,0.9870662739154508,M
981,5.0,24.0,M,2,3,Q24.1_1,-1.0171017006585688,M
982,5.0,24.0,M,2,4,Q24.1_1,0.8817817453087825,M
983,5.0,24.0,M,2,5,Q24.1_1,1.2522545070791062,M
984,5.0,24.0,M,1,3,Q24.1_1,0.47826624791185685,1
985,5.0,25.0,M,2,4,Q25.1_1,-0.6631374038379346,M
986,5.0,25.0,M,2,3,Q25.1_1,1.3639745349872197,M
987,5.0,25.0,M,2,4,Q25.1_1,0.06363373419753944,M
988,5.0,25.0,M,2,5,Q25.1_1,1.2522545070791062,M
989,5.0,25.0,M,1,3,Q25.1_1,0.47826624791185685,1
990,5.0,26.0,F,2,4,Q26.1_1,-1.4882392427146272,M
991,5.0,26.0,F,2,3,Q26.1_1,-0.22340962210997253,M
992,5.0,26.0,F,2,4,Q26.1_1,0.8817817453087825,M
993,5.0,26.0,F,2,5,Q26.1_1,0.19895632355462534,M
994,5.0,26.0,F,1,3,Q26.1_1,1.5281189872305667,1
995,5.0,27.0,F,2,4,Q27.1_1,-1.4882392427146272,M
996,5.0,27.0,F,2,3,Q27.1_1,0.5702824564386236,M
997,5.0,27.0,F,2,4,Q27.1_1,0.8817817453087825,M
998,5.0,27.0,F,2,5,Q27.1_1,1.2522545070791062,M
999,5.0,27.0,F,1,3,Q27.1_1,1.5281189872305667,1
1000,6.0,1.0,F,2,4,Q1.1_1,0.9870662739154508,M
1001,6.0,1.0,F,2,3,Q1.1_1,-0.22340962210997253,M
1002,6.0,1.0,F,2,4,Q1.1_1,0.8817817453087825,M
1003,6.0,1.0,F,2,5,Q1.1_1,1.2522545070791062,M
1004,6.0,1.0,F,1,3,Q1.1_1,-0.5715864914068529,1
1005,6.0,2.0,F,2,4,Q2.1_1,0.9870662739154508,M
1006,6.0,2.0,F,2,3,Q2.1_1,0.5702824564386236,M
1007,6.0,2.0,F,2,4,Q2.1_1,0.8817817453087825,M
1008,6.0,2.0,F,2,5,Q2.1_1,0.19895632355462534,M
1009,6.0,2.0,F,1,3,Q2.1_1,0.47826624791185685,1
1010,6.0,3.0,F,2,4,Q3.1_1,1.8121681127921434,M
1011,6.0,3.0,F,2,3,Q3.1_1,0.5702824564386236,M
1012,6.0,3.0,F,2,4,Q3.1_1,0.06363373419753944,M
1013,6.0,3.0,F,2,5,Q3.1_1,0.19895632355462534,M
1014,6.0,3.0,F,1,3,Q3.1_1,0.47826624791185685,1
1015,6.0,4.0,F,2,4,Q4.1_1,1.8121681127921434,M
1016,6.0,4.0,F,2,3,Q4.1_1,1.3639745349872197,M
1017,6.0,4.0,F,2,4,Q4.1_1,0.06363373419753944,M
1018,6.0,4.0,F,2,5,Q4.1_1,0.19895632355462534,M
1019,6.0,4.0,F,1,3,Q4.1_1,1.5281189872305667,1
1020,6.0,5.0,M,2,4,Q5.1_1,0.9870662739154508,M
1021,6.0,5.0,M,2,3,Q5.1_1,1.3639745349872197,M
1022,6.0,5.0,M,2,4,Q5.1_1,0.06363373419753944,M
1023,6.0,5.0,M,2,5,Q5.1_1,-0.8543418599698556,M
1024,6.0,5.0,M,1,3,Q5.1_1,-0.5715864914068529,1
1025,6.0,6.0,M,2,4,Q6.1_1,0.9870662739154508,M
1026,6.0,6.0,M,2,3,Q6.1_1,0.5702824564386236,M
1027,6.0,6.0,M,2,4,Q6.1_1,0.06363373419753944,M
1028,6.0,6.0,M,2,5,Q6.1_1,-0.8543418599698556,M
1029,6.0,6.0,M,1,3,Q6.1_1,0.47826624791185685,1
1030,6.0,7.0,F,2,4,Q7.1_1,1.8121681127921434,M
1031,6.0,7.0,F,2,3,Q7.1_1,0.5702824564386236,M
1032,6.0,7.0,F,2,4,Q7.1_1,0.06363373419753944,M
1033,6.0,7.0,F,2,5,Q7.1_1,0.19895632355462534,M
1034,6.0,7.0,F,1,3,Q7.1_1,1.5281189872305667,1
1035,6.0,8.0,F,2,4,Q8.1_1,0.9870662739154508,M
1036,6.0,8.0,F,2,3,Q8.1_1,1.3639745349872197,M
1037,6.0,8.0,F,2,4,Q8.1_1,0.8817817453087825,M
1038,6.0,8.0,F,2,5,Q8.1_1,0.19895632355462534,M
1039,6.0,8.0,F,1,3,Q8.1_1,-0.5715864914068529,1
1040,6.0,9.0,F,2,4,Q9.1_1,1.8121681127921434,M
1041,6.0,9.0,F,2,3,Q9.1_1,0.5702824564386236,M
1042,6.0,9.0,F,2,4,Q9.1_1,0.8817817453087825,M
1043,6.0,9.0,F,2,5,Q9.1_1,0.19895632355462534,M
1044,6.0,9.0,F,1,3,Q9.1_1,0.47826624791185685,1
1045,6.0,10.0,F,2,4,Q10.1_1,1.8121681127921434,M
1046,6.0,10.0,F,2,3,Q10.1_1,0.5702824564386236,M
1047,6.0,10.0,F,2,4,Q10.1_1,0.8817817453087825,M
1048,6.0,10.0,F,2,5,Q10.1_1,0.19895632355462534,M
1049,6.0,10.0,F,1,3,Q10.1_1,0.47826624791185685,1
1050,6.0,11.0,M,2,4,Q11.1_1,0.9870662739154508,M
1051,6.0,11.0,M,2,3,Q11.1_1,-0.22340962210997253,M
1052,6.0,11.0,M,2,4,Q11.1_1,0.06363373419753944,M
1053,6.0,11.0,M,2,5,Q11.1_1,-0.8543418599698556,M
1054,6.0,11.0,M,1,3,Q11.1_1,-0.5715864914068529,1
1055,6.0,13.0,M,2,4,Q13.1_1,0.9870662739154508,M
1056,6.0,13.0,M,2,3,Q13.1_1,0.5702824564386236,M
1057,6.0,13.0,M,2,4,Q13.1_1,0.8817817453087825,M
1058,6.0,13.0,M,2,5,Q13.1_1,0.19895632355462534,M
1059,6.0,13.0,M,1,3,Q13.1_1,1.5281189872305667,1
1060,6.0,14.0,F,2,4,Q14.1_1,0.1619644350387581,M
1061,6.0,14.0,F,2,3,Q14.1_1,1.3639745349872197,M
1062,6.0,14.0,F,2,4,Q14.1_1,0.8817817453087825,M
1063,6.0,14.0,F,2,5,Q14.1_1,2.3055526906035873,M
1064,6.0,14.0,F,1,3,Q14.1_1,0.47826624791185685,1
1065,6.0,15.0,M,2,4,Q15.1_1,-0.6631374038379346,M
1066,6.0,15.0,M,2,3,Q15.1_1,-0.22340962210997253,M
1067,6.0,15.0,M,2,4,Q15.1_1,0.06363373419753944,M
1068,6.0,15.0,M,2,5,Q15.1_1,2.3055526906035873,M
1069,6.0,15.0,M,1,3,Q15.1_1,0.47826624791185685,1
1070,6.0,16.0,M,2,4,Q16.1_1,-1.4882392427146272,M
1071,6.0,16.0,M,2,3,Q16.1_1,1.3639745349872197,M
1072,6.0,16.0,M,2,4,Q16.1_1,0.8817817453087825,M
1073,6.0,16.0,M,2,5,Q16.1_1,0.19895632355462534,M
1074,6.0,16.0,M,1,3,Q16.1_1,-0.5715864914068529,1
1075,6.0,17.0,M,2,4,Q17.1_1,0.9870662739154508,M
1076,6.0,17.0,M,2,3,Q17.1_1,1.3639745349872197,M
1077,6.0,17.0,M,2,4,Q17.1_1,0.8817817453087825,M
1078,6.0,17.0,M,2,5,Q17.1_1,2.3055526906035873,M
1079,6.0,17.0,M,1,3,Q17.1_1,0.47826624791185685,1
1080,6.0,18.0,M,2,4,Q18.1_1,-0.6631374038379346,M
1081,6.0,18.0,M,2,3,Q18.1_1,0.5702824564386236,M
1082,6.0,18.0,M,2,4,Q18.1_1,0.06363373419753944,M
1083,6.0,18.0,M,2,5,Q18.1_1,-0.8543418599698556,M
1084,6.0,18.0,M,1,3,Q18.1_1,0.47826624791185685,1
1085,6.0,19.0,M,2,4,Q19.1_1,1.8121681127921434,M
1086,6.0,19.0,M,2,3,Q19.1_1,1.3639745349872197,M
1087,6.0,19.0,M,2,4,Q19.1_1,0.8817817453087825,M
1088,6.0,19.0,M,2,5,Q19.1_1,2.3055526906035873,M
1089,6.0,19.0,M,1,3,Q19.1_1,-0.5715864914068529,1
1090,6.0,20.0,M,2,4,Q20.1_1,0.9870662739154508,M
1091,6.0,20.0,M,2,3,Q20.1_1,0.5702824564386236,M
1092,6.0,20.0,M,2,4,Q20.1_1,0.8817817453087825,M
1093,6.0,20.0,M,2,5,Q20.1_1,1.2522545070791062,M
1094,6.0,20.0,M,1,3,Q20.1_1,-0.5715864914068529,1
1095,6.0,22.0,M,2,4,Q22.1_1,1.8121681127921434,M
1096,6.0,22.0,M,2,3,Q22.1_1,1.3639745349872197,M
1097,6.0,22.0,M,2,4,Q22.1_1,0.06363373419753944,M
1098,6.0,22.0,M,2,5,Q22.1_1,2.3055526906035873,M
1099,6.0,22.0,M,1,3,Q22.1_1,0.47826624791185685,1
1100,6.0,23.0,F,2,4,Q23.1_1,-1.4882392427146272,M
1101,6.0,23.0,F,2,3,Q23.1_1,-0.22340962210997253,M
1102,6.0,23.0,F,2,4,Q23.1_1,0.8817817453087825,M
1103,6.0,23.0,F,2,5,Q23.1_1,-0.8543418599698556,M
1104,6.0,23.0,F,1,3,Q23.1_1,0.47826624791185685,1
1105,6.0,24.0,M,2,4,Q24.1_1,0.9870662739154508,M
1106,6.0,24.0,M,2,3,Q24.1_1,-1.0171017006585688,M
1107,6.0,24.0,M,2,4,Q24.1_1,0.8817817453087825,M
1108,6.0,24.0,M,2,5,Q24.1_1,1.2522545070791062,M
1109,6.0,24.0,M,1,3,Q24.1_1,0.47826624791185685,1
1110,6.0,25.0,M,2,4,Q25.1_1,-0.6631374038379346,M
1111,6.0,25.0,M,2,3,Q25.1_1,1.3639745349872197,M
1112,6.0,25.0,M,2,4,Q25.1_1,0.06363373419753944,M
1113,6.0,25.0,M,2,5,Q25.1_1,1.2522545070791062,M
1114,6.0,25.0,M,1,3,Q25.1_1,0.47826624791185685,1
1115,6.0,26.0,M,2,4,Q26.1_1,-1.4882392427146272,M
1116,6.0,26.0,M,2,3,Q26.1_1,-0.22340962210997253,M
1117,6.0,26.0,M,2,4,Q26.1_1,0.8817817453087825,M
1118,6.0,26.0,M,2,5,Q26.1_1,0.19895632355462534,M
1119,6.0,26.0,M,1,3,Q26.1_1,1.5281189872305667,1
1120,6.0,27.0,M,2,4,Q27.1_1,-1.4882392427146272,M
1121,6.0,27.0,M,2,3,Q27.1_1,0.5702824564386236,M
1122,6.0,27.0,M,2,4,Q27.1_1,0.8817817453087825,M
1123,6.0,27.0,M,2,5,Q27.1_1,1.2522545070791062,M
1124,6.0,27.0,M,1,3,Q27.1_1,1.5281189872305667,1
1125,7.0,1.0,M,2,4,Q1.1_1,1.1800021454603968,M
1126,7.0,1.0,M,2,3,Q1.1_1,-1.311011060212688,M
1127,7.0,1.0,M,1,3,Q1.1_1,0.7628549950468463,1
1128,7.0,1.0,M,1,3,Q1.1_1,-0.16378094381186417,1
1129,7.0,1.0,M,2,3,Q1.1_1,-0.1302734291202417,M
1130,7.0,2.0,F,2,4,Q2.1_1,-0.2681823057864506,M
1131,7.0,2.0,F,2,3,Q2.1_1,0.8342797655898938,M
1132,7.0,2.0,F,1,3,Q2.1_1,0.7628549950468463,1
1133,7.0,2.0,F,1,3,Q2.1_1,-1.1251038748814985,1
1134,7.0,2.0,F,2,3,Q2.1_1,-0.1302734291202417,M
1135,7.0,3.0,F,2,4,Q3.1_1,-0.2681823057864506,M
1136,7.0,3.0,F,2,3,Q3.1_1,-2.383656473113979,M
1137,7.0,3.0,F,1,3,Q3.1_1,0.7628549950468463,1
1138,7.0,3.0,F,1,3,Q3.1_1,-0.16378094381186417,1
1139,7.0,3.0,F,2,3,Q3.1_1,1.1259346373964076,M
1140,7.0,4.0,F,2,4,Q4.1_1,-1.716366757033298,M
1141,7.0,4.0,F,2,3,Q4.1_1,-2.383656473113979,M
1142,7.0,4.0,F,1,3,Q4.1_1,0.7628549950468463,1
1143,7.0,4.0,F,1,3,Q4.1_1,0.7975419872577701,1
1144,7.0,4.0,F,2,3,Q4.1_1,-0.1302734291202417,M
1145,7.0,5.0,F,2,4,Q5.1_1,-0.2681823057864506,M
1146,7.0,5.0,F,2,3,Q5.1_1,-2.383656473113979,M
1147,7.0,5.0,F,1,3,Q5.1_1,0.7628549950468463,1
1148,7.0,5.0,F,1,3,Q5.1_1,-0.16378094381186417,1
1149,7.0,5.0,F,2,3,Q5.1_1,-1.3864814956368912,M
1150,7.0,6.0,F,2,4,Q6.1_1,-0.2681823057864506,M
1151,7.0,6.0,F,2,3,Q6.1_1,-2.383656473113979,M
1152,7.0,6.0,F,1,3,Q6.1_1,0.7628549950468463,1
1153,7.0,6.0,F,1,3,Q6.1_1,-1.1251038748814985,1
1154,7.0,6.0,F,2,3,Q6.1_1,-0.1302734291202417,M
1155,7.0,7.0,M,2,4,Q7.1_1,-0.2681823057864506,M
1156,7.0,7.0,M,2,3,Q7.1_1,-2.383656473113979,M
1157,7.0,7.0,M,1,3,Q7.1_1,0.7628549950468463,1
1158,7.0,7.0,M,1,3,Q7.1_1,-0.16378094381186417,1
1159,7.0,7.0,M,2,3,Q7.1_1,1.1259346373964076,M
1160,7.0,8.0,M,2,4,Q8.1_1,-0.2681823057864506,M
1161,7.0,8.0,M,2,3,Q8.1_1,-2.383656473113979,M
1162,7.0,8.0,M,1,3,Q8.1_1,0.7628549950468463,1
1163,7.0,8.0,M,1,3,Q8.1_1,0.7975419872577701,1
1164,7.0,8.0,M,2,3,Q8.1_1,1.1259346373964076,M
1165,7.0,9.0,F,2,4,Q9.1_1,-0.2681823057864506,M
1166,7.0,9.0,F,2,3,Q9.1_1,-2.383656473113979,M
1167,7.0,9.0,F,1,3,Q9.1_1,-1.1987721350736316,1
1168,7.0,9.0,F,1,3,Q9.1_1,0.7975419872577701,1
1169,7.0,9.0,F,2,3,Q9.1_1,1.1259346373964076,M
1170,7.0,10.0,F,2,4,Q10.1_1,-0.2681823057864506,M
1171,7.0,10.0,F,2,3,Q10.1_1,-1.311011060212688,M
1172,7.0,10.0,F,1,3,Q10.1_1,0.7628549950468463,1
1173,7.0,10.0,F,1,3,Q10.1_1,-0.16378094381186417,1
1174,7.0,10.0,F,2,3,Q10.1_1,-0.1302734291202417,M
1175,7.0,11.0,F,2,4,Q11.1_1,-0.2681823057864506,M
1176,7.0,11.0,F,2,3,Q11.1_1,-2.383656473113979,M
1177,7.0,11.0,F,1,3,Q11.1_1,-1.1987721350736316,1
1178,7.0,11.0,F,1,3,Q11.1_1,-0.16378094381186417,1
1179,7.0,11.0,F,2,3,Q11.1_1,-1.3864814956368912,M
1180,7.0,13.0,M,2,4,Q13.1_1,-0.2681823057864506,M
1181,7.0,13.0,M,2,3,Q13.1_1,-2.383656473113979,M
1182,7.0,13.0,M,1,3,Q13.1_1,-1.1987721350736316,1
1183,7.0,13.0,M,1,3,Q13.1_1,0.7975419872577701,1
1184,7.0,13.0,M,2,3,Q13.1_1,1.1259346373964076,M
1185,7.0,14.0,M,2,4,Q14.1_1,-0.2681823057864506,M
1186,7.0,14.0,M,2,3,Q14.1_1,-1.311011060212688,M
1187,7.0,14.0,M,1,3,Q14.1_1,0.7628549950468463,1
1188,7.0,14.0,M,1,3,Q14.1_1,0.7975419872577701,1
1189,7.0,14.0,M,2,3,Q14.1_1,1.1259346373964076,M
1190,7.0,15.0,M,2,4,Q15.1_1,-0.2681823057864506,M
1191,7.0,15.0,M,2,3,Q15.1_1,-1.311011060212688,M
1192,7.0,15.0,M,1,3,Q15.1_1,0.7628549950468463,1
1193,7.0,15.0,M,1,3,Q15.1_1,1.7588649183274043,1
1194,7.0,15.0,M,2,3,Q15.1_1,1.1259346373964076,M
1195,7.0,16.0,F,2,4,Q16.1_1,-0.2681823057864506,M
1196,7.0,16.0,F,2,3,Q16.1_1,-2.383656473113979,M
1197,7.0,16.0,F,1,3,Q16.1_1,0.7628549950468463,1
1198,7.0,16.0,F,1,3,Q16.1_1,-0.16378094381186417,1
1199,7.0,16.0,F,2,3,Q16.1_1,-1.3864814956368912,M
1200,7.0,17.0,M,2,4,Q17.1_1,1.1800021454603968,M
1201,7.0,17.0,M,2,3,Q17.1_1,0.8342797655898938,M
1202,7.0,17.0,M,1,3,Q17.1_1,0.7628549950468463,1
1203,7.0,17.0,M,1,3,Q17.1_1,0.7975419872577701,1
1204,7.0,17.0,M,2,3,Q17.1_1,-1.3864814956368912,M
1205,7.0,18.0,M,2,4,Q18.1_1,-0.2681823057864506,M
1206,7.0,18.0,M,2,3,Q18.1_1,-2.383656473113979,M
1207,7.0,18.0,M,1,3,Q18.1_1,0.7628549950468463,1
1208,7.0,18.0,M,1,3,Q18.1_1,0.7975419872577701,1
1209,7.0,18.0,M,2,3,Q18.1_1,-0.1302734291202417,M
1210,7.0,19.0,M,2,4,Q19.1_1,1.1800021454603968,M
1211,7.0,19.0,M,2,3,Q19.1_1,-1.311011060212688,M
1212,7.0,19.0,M,1,3,Q19.1_1,0.7628549950468463,1
1213,7.0,19.0,M,1,3,Q19.1_1,0.7975419872577701,1
1214,7.0,19.0,M,2,3,Q19.1_1,1.1259346373964076,M
1215,7.0,20.0,M,2,4,Q20.1_1,-0.2681823057864506,M
1216,7.0,20.0,M,2,3,Q20.1_1,-2.383656473113979,M
1217,7.0,20.0,M,1,3,Q20.1_1,0.7628549950468463,1
1218,7.0,20.0,M,1,3,Q20.1_1,-0.16378094381186417,1
1219,7.0,20.0,M,2,3,Q20.1_1,-0.1302734291202417,M
1220,7.0,22.0,M,2,4,Q22.1_1,-0.2681823057864506,M
1221,7.0,22.0,M,2,3,Q22.1_1,-1.311011060212688,M
1222,7.0,22.0,M,1,3,Q22.1_1,0.7628549950468463,1
1223,7.0,22.0,M,1,3,Q22.1_1,-0.16378094381186417,1
1224,7.0,22.0,M,2,3,Q22.1_1,-0.1302734291202417,M
1225,7.0,23.0,M,2,4,Q23.1_1,-0.2681823057864506,M
1226,7.0,23.0,M,2,3,Q23.1_1,-2.383656473113979,M
1227,7.0,23.0,M,1,3,Q23.1_1,0.7628549950468463,1
1228,7.0,23.0,M,1,3,Q23.1_1,0.7975419872577701,1
1229,7.0,23.0,M,2,3,Q23.1_1,-1.3864814956368912,M
1230,7.0,24.0,M,2,4,Q24.1_1,-0.2681823057864506,M
1231,7.0,24.0,M,2,3,Q24.1_1,-2.383656473113979,M
1232,7.0,24.0,M,1,3,Q24.1_1,0.7628549950468463,1
1233,7.0,24.0,M,1,3,Q24.1_1,0.7975419872577701,1
1234,7.0,24.0,M,2,3,Q24.1_1,-0.1302734291202417,M
1235,7.0,25.0,F,2,4,Q25.1_1,1.1800021454603968,M
1236,7.0,25.0,F,2,3,Q25.1_1,-2.383656473113979,M
1237,7.0,25.0,F,1,3,Q25.1_1,0.7628549950468463,1
1238,7.0,25.0,F,1,3,Q25.1_1,0.7975419872577701,1
1239,7.0,25.0,F,2,3,Q25.1_1,-0.1302734291202417,M
1240,7.0,26.0,M,2,4,Q26.1_1,-0.2681823057864506,M
1241,7.0,26.0,M,2,3,Q26.1_1,-1.311011060212688,M
1242,7.0,26.0,M,1,3,Q26.1_1,0.7628549950468463,1
1243,7.0,26.0,M,1,3,Q26.1_1,0.7975419872577701,1
1244,7.0,26.0,M,2,3,Q26.1_1,1.1259346373964076,M
1245,7.0,27.0,M,2,4,Q27.1_1,-0.2681823057864506,M
1246,7.0,27.0,M,2,3,Q27.1_1,-2.383656473113979,M
1247,7.0,27.0,M,1,3,Q27.1_1,0.7628549950468463,1
1248,7.0,27.0,M,1,3,Q27.1_1,1.7588649183274043,1
1249,7.0,27.0,M,2,3,Q27.1_1,1.1259346373964076,M
1250,8.0,1.0,M,1,3,Q1.1_1,0.5646937943050092,1
1251,8.0,1.0,M,2,3,Q1.1_1,-1.2085529556774572,M
1252,8.0,1.0,M,2,3,Q1.1_1,1.206926859289404,M
1253,8.0,1.0,M,2,3,Q1.1_1,-1.124049535701947,M
1254,8.0,1.0,M,1,4,Q1.1_1,0.772281601063311,1
1255,8.0,1.0,M,2,3,Q1.1_1,-0.7428087642553506,M
1256,8.0,1.0,M,2,4,Q1.1_1,0.7686813567084962,M
1257,8.0,1.0,M,1,4,Q1.1_1,0.6217201053800647,1
1258,8.0,1.0,M,1,4,Q1.1_1,0.7978223157580973,1
1259,8.0,2.0,M,1,3,Q2.1_1,0.5646937943050092,1
1260,8.0,2.0,M,2,3,Q2.1_1,1.0264422363287975,M
1261,8.0,2.0,M,2,3,Q2.1_1,-0.11774896188189261,M
1262,8.0,2.0,M,2,3,Q2.1_1,-1.124049535701947,M
1263,8.0,2.0,M,1,4,Q2.1_1,0.772281601063311,1
1264,8.0,2.0,M,2,3,Q2.1_1,-0.7428087642553506,M
1265,8.0,2.0,M,2,4,Q2.1_1,0.7686813567084962,M
1266,8.0,2.0,M,1,4,Q2.1_1,0.6217201053800647,1
1267,8.0,2.0,M,1,4,Q2.1_1,0.7978223157580973,1
1268,8.0,3.0,M,1,3,Q3.1_1,1.8144259620292178,1
1269,8.0,3.0,M,2,3,Q3.1_1,-0.0910553596743299,M
1270,8.0,3.0,M,2,3,Q3.1_1,-0.11774896188189261,M
1271,8.0,3.0,M,2,3,Q3.1_1,-1.124049535701947,M
1272,8.0,3.0,M,1,4,Q3.1_1,0.772281601063311,1
1273,8.0,3.0,M,2,3,Q3.1_1,-0.7428087642553506,M
1274,8.0,3.0,M,2,4,Q3.1_1,0.7686813567084962,M
1275,8.0,3.0,M,1,4,Q3.1_1,0.6217201053800647,1
1276,8.0,3.0,M,1,4,Q3.1_1,0.7978223157580973,1
1277,8.0,4.0,M,1,3,Q4.1_1,1.8144259620292178,1
1278,8.0,4.0,M,2,3,Q4.1_1,-0.0910553596743299,M
1279,8.0,4.0,M,2,3,Q4.1_1,-0.11774896188189261,M
1280,8.0,4.0,M,2,3,Q4.1_1,1.4156439759258803,M
1281,8.0,4.0,M,1,4,Q4.1_1,0.772281601063311,1
1282,8.0,4.0,M,2,3,Q4.1_1,0.6403523829787479,M
1283,8.0,4.0,M,2,4,Q4.1_1,-0.2848413149224406,M
1284,8.0,4.0,M,1,4,Q4.1_1,0.6217201053800647,1
1285,8.0,4.0,M,1,4,Q4.1_1,0.7978223157580973,1
1286,8.0,5.0,F,1,3,Q5.1_1,0.5646937943050092,1
1287,8.0,5.0,F,2,3,Q5.1_1,-0.0910553596743299,M
1288,8.0,5.0,F,2,3,Q5.1_1,-0.11774896188189261,M
1289,8.0,5.0,F,2,3,Q5.1_1,0.1457972201119666,M
1290,8.0,5.0,F,1,4,Q5.1_1,1.6749484075009486,1
1291,8.0,5.0,F,2,3,Q5.1_1,-0.7428087642553506,M
1292,8.0,5.0,F,2,4,Q5.1_1,-0.2848413149224406,M
1293,8.0,5.0,F,1,4,Q5.1_1,0.6217201053800647,1
1294,8.0,5.0,F,1,4,Q5.1_1,0.7978223157580973,1
1295,8.0,6.0,F,1,3,Q6.1_1,0.5646937943050092,1
1296,8.0,6.0,F,2,3,Q6.1_1,-0.0910553596743299,M
1297,8.0,6.0,F,2,3,Q6.1_1,-0.11774896188189261,M
1298,8.0,6.0,F,2,3,Q6.1_1,-1.124049535701947,M
1299,8.0,6.0,F,1,4,Q6.1_1,1.6749484075009486,1
1300,8.0,6.0,F,2,3,Q6.1_1,0.6403523829787479,M
1301,8.0,6.0,F,2,4,Q6.1_1,-0.2848413149224406,M
1302,8.0,6.0,F,1,4,Q6.1_1,0.6217201053800647,1
1303,8.0,6.0,F,1,4,Q6.1_1,0.7978223157580973,1
1304,8.0,7.0,F,1,3,Q7.1_1,0.5646937943050092,1
1305,8.0,7.0,F,2,3,Q7.1_1,-0.0910553596743299,M
1306,8.0,7.0,F,2,3,Q7.1_1,-0.11774896188189261,M
1307,8.0,7.0,F,2,3,Q7.1_1,-1.124049535701947,M
1308,8.0,7.0,F,1,4,Q7.1_1,0.772281601063311,1
1309,8.0,7.0,F,2,3,Q7.1_1,0.6403523829787479,M
1310,8.0,7.0,F,2,4,Q7.1_1,0.7686813567084962,M
1311,8.0,7.0,F,1,4,Q7.1_1,0.6217201053800647,1
1312,8.0,7.0,F,1,4,Q7.1_1,0.7978223157580973,1
1313,8.0,8.0,F,1,3,Q8.1_1,0.5646937943050092,1
1314,8.0,8.0,F,2,3,Q8.1_1,-0.0910553596743299,M
1315,8.0,8.0,F,2,3,Q8.1_1,-0.11774896188189261,M
1316,8.0,8.0,F,2,3,Q8.1_1,-1.124049535701947,M
1317,8.0,8.0,F,1,4,Q8.1_1,-0.13038520537432657,1
1318,8.0,8.0,F,2,3,Q8.1_1,-0.7428087642553506,M
1319,8.0,8.0,F,2,4,Q8.1_1,0.7686813567084962,M
1320,8.0,8.0,F,1,4,Q8.1_1,0.6217201053800647,1
1321,8.0,8.0,F,1,4,Q8.1_1,-0.5237238514485729,1
1322,8.0,9.0,M,1,3,Q9.1_1,0.5646937943050092,1
1323,8.0,9.0,M,2,3,Q9.1_1,-1.2085529556774572,M
1324,8.0,9.0,M,2,3,Q9.1_1,-0.11774896188189261,M
1325,8.0,9.0,M,2,3,Q9.1_1,-1.124049535701947,M
1326,8.0,9.0,M,1,4,Q9.1_1,-0.13038520537432657,1
1327,8.0,9.0,M,2,3,Q9.1_1,-0.7428087642553506,M
1328,8.0,9.0,M,2,4,Q9.1_1,0.7686813567084962,M
1329,8.0,9.0,M,1,4,Q9.1_1,0.6217201053800647,1
1330,8.0,9.0,M,1,4,Q9.1_1,-0.5237238514485729,1
1331,8.0,10.0,M,1,3,Q10.1_1,0.5646937943050092,1
1332,8.0,10.0,M,2,3,Q10.1_1,-1.2085529556774572,M
1333,8.0,10.0,M,2,3,Q10.1_1,-0.11774896188189261,M
1334,8.0,10.0,M,2,3,Q10.1_1,-1.124049535701947,M
1335,8.0,10.0,M,1,4,Q10.1_1,0.772281601063311,1
1336,8.0,10.0,M,2,3,Q10.1_1,-0.7428087642553506,M
1337,8.0,10.0,M,2,4,Q10.1_1,0.7686813567084962,M
1338,8.0,10.0,M,1,4,Q10.1_1,0.6217201053800647,1
1339,8.0,10.0,M,1,4,Q10.1_1,0.7978223157580973,1
1340,8.0,11.0,F,1,3,Q11.1_1,0.5646937943050092,1
1341,8.0,11.0,F,2,3,Q11.1_1,-0.0910553596743299,M
1342,8.0,11.0,F,2,3,Q11.1_1,-0.11774896188189261,M
1343,8.0,11.0,F,2,3,Q11.1_1,-1.124049535701947,M
1344,8.0,11.0,F,1,4,Q11.1_1,-0.13038520537432657,1
1345,8.0,11.0,F,2,3,Q11.1_1,-2.1259699114894492,M
1346,8.0,11.0,F,2,4,Q11.1_1,0.7686813567084962,M
1347,8.0,11.0,F,1,4,Q11.1_1,0.6217201053800647,1
1348,8.0,11.0,F,1,4,Q11.1_1,-0.5237238514485729,1
1349,8.0,13.0,F,1,3,Q13.1_1,0.5646937943050092,1
1350,8.0,13.0,F,2,3,Q13.1_1,1.0264422363287975,M
1351,8.0,13.0,F,2,3,Q13.1_1,1.206926859289404,M
1352,8.0,13.0,F,2,3,Q13.1_1,-1.124049535701947,M
1353,8.0,13.0,F,1,4,Q13.1_1,0.772281601063311,1
1354,8.0,13.0,F,2,3,Q13.1_1,0.6403523829787479,M
1355,8.0,13.0,F,2,4,Q13.1_1,0.7686813567084962,M
1356,8.0,13.0,F,1,4,Q13.1_1,0.6217201053800647,1
1357,8.0,13.0,F,1,4,Q13.1_1,0.7978223157580973,1
1358,8.0,14.0,F,1,3,Q14.1_1,1.8144259620292178,1
1359,8.0,14.0,F,2,3,Q14.1_1,-0.0910553596743299,M
1360,8.0,14.0,F,2,3,Q14.1_1,1.206926859289404,M
1361,8.0,14.0,F,2,3,Q14.1_1,-1.124049535701947,M
1362,8.0,14.0,F,1,4,Q14.1_1,0.772281601063311,1
1363,8.0,14.0,F,2,3,Q14.1_1,-0.7428087642553506,M
1364,8.0,14.0,F,2,4,Q14.1_1,0.7686813567084962,M
1365,8.0,14.0,F,1,4,Q14.1_1,0.6217201053800647,1
1366,8.0,14.0,F,1,4,Q14.1_1,0.7978223157580973,1
1367,8.0,15.0,F,1,3,Q15.1_1,1.8144259620292178,1
1368,8.0,15.0,F,2,3,Q15.1_1,1.0264422363287975,M
1369,8.0,15.0,F,2,3,Q15.1_1,1.206926859289404,M
1370,8.0,15.0,F,2,3,Q15.1_1,0.1457972201119666,M
1371,8.0,15.0,F,1,4,Q15.1_1,-0.13038520537432657,1
1372,8.0,15.0,F,2,3,Q15.1_1,0.6403523829787479,M
1373,8.0,15.0,F,2,4,Q15.1_1,-0.2848413149224406,M
1374,8.0,15.0,F,1,4,Q15.1_1,0.6217201053800647,1
1375,8.0,15.0,F,1,4,Q15.1_1,0.7978223157580973,1
1376,8.0,16.0,M,1,3,Q16.1_1,1.8144259620292178,1
1377,8.0,16.0,M,2,3,Q16.1_1,-0.0910553596743299,M
1378,8.0,16.0,M,2,3,Q16.1_1,-0.11774896188189261,M
1379,8.0,16.0,M,2,3,Q16.1_1,-1.124049535701947,M
1380,8.0,16.0,M,1,4,Q16.1_1,0.772281601063311,1
1381,8.0,16.0,M,2,3,Q16.1_1,0.6403523829787479,M
1382,8.0,16.0,M,2,4,Q16.1_1,0.7686813567084962,M
1383,8.0,16.0,M,1,4,Q16.1_1,0.6217201053800647,1
1384,8.0,16.0,M,1,4,Q16.1_1,0.7978223157580973,1
1385,8.0,17.0,F,1,3,Q17.1_1,0.5646937943050092,1
1386,8.0,17.0,F,2,3,Q17.1_1,1.0264422363287975,M
1387,8.0,17.0,F,2,3,Q17.1_1,1.206926859289404,M
1388,8.0,17.0,F,2,3,Q17.1_1,-1.124049535701947,M
1389,8.0,17.0,F,1,4,Q17.1_1,0.772281601063311,1
1390,8.0,17.0,F,2,3,Q17.1_1,-0.7428087642553506,M
1391,8.0,17.0,F,2,4,Q17.1_1,0.7686813567084962,M
1392,8.0,17.0,F,1,4,Q17.1_1,0.6217201053800647,1
1393,8.0,17.0,F,1,4,Q17.1_1,-0.5237238514485729,1
1394,8.0,18.0,F,1,3,Q18.1_1,0.5646937943050092,1
1395,8.0,18.0,F,2,3,Q18.1_1,1.0264422363287975,M
1396,8.0,18.0,F,2,3,Q18.1_1,1.206926859289404,M
1397,8.0,18.0,F,2,3,Q18.1_1,-1.124049535701947,M
1398,8.0,18.0,F,1,4,Q18.1_1,-0.13038520537432657,1
1399,8.0,18.0,F,2,3,Q18.1_1,-0.7428087642553506,M
1400,8.0,18.0,F,2,4,Q18.1_1,0.7686813567084962,M
1401,8.0,18.0,F,1,4,Q18.1_1,0.6217201053800647,1
1402,8.0,18.0,F,1,4,Q18.1_1,0.7978223157580973,1
1403,8.0,19.0,M,1,3,Q19.1_1,0.5646937943050092,1
1404,8.0,19.0,M,2,3,Q19.1_1,-0.0910553596743299,M
1405,8.0,19.0,M,2,3,Q19.1_1,-0.11774896188189261,M
1406,8.0,19.0,M,2,3,Q19.1_1,-1.124049535701947,M
1407,8.0,19.0,M,1,4,Q19.1_1,0.772281601063311,1
1408,8.0,19.0,M,2,3,Q19.1_1,-0.7428087642553506,M
1409,8.0,19.0,M,2,4,Q19.1_1,0.7686813567084962,M
1410,8.0,19.0,M,1,4,Q19.1_1,0.6217201053800647,1
1411,8.0,19.0,M,1,4,Q19.1_1,0.7978223157580973,1
1412,8.0,22.0,M,1,3,Q22.1_1,0.5646937943050092,1
1413,8.0,22.0,M,2,3,Q22.1_1,-0.0910553596743299,M
1414,8.0,22.0,M,2,3,Q22.1_1,1.206926859289404,M
1415,8.0,22.0,M,2,3,Q22.1_1,1.4156439759258803,M
1416,8.0,22.0,M,1,4,Q22.1_1,0.772281601063311,1
1417,8.0,22.0,M,2,3,Q22.1_1,-0.7428087642553506,M
1418,8.0,22.0,M,2,4,Q22.1_1,-0.2848413149224406,M
1419,8.0,22.0,M,1,4,Q22.1_1,0.6217201053800647,1
1420,8.0,22.0,M,1,4,Q22.1_1,0.7978223157580973,1
1421,8.0,23.0,M,1,3,Q23.1_1,0.5646937943050092,1
1422,8.0,23.0,M,2,3,Q23.1_1,1.0264422363287975,M
1423,8.0,23.0,M,2,3,Q23.1_1,-0.11774896188189261,M
1424,8.0,23.0,M,2,3,Q23.1_1,1.4156439759258803,M
1425,8.0,23.0,M,1,4,Q23.1_1,0.772281601063311,1
1426,8.0,23.0,M,2,3,Q23.1_1,-0.7428087642553506,M
1427,8.0,23.0,M,2,4,Q23.1_1,0.7686813567084962,M
1428,8.0,23.0,M,1,4,Q23.1_1,0.6217201053800647,1
1429,8.0,23.0,M,1,4,Q23.1_1,0.7978223157580973,1
1430,8.0,24.0,M,1,3,Q24.1_1,1.8144259620292178,1
1431,8.0,24.0,M,2,3,Q24.1_1,-0.0910553596743299,M
1432,8.0,24.0,M,2,3,Q24.1_1,-0.11774896188189261,M
1433,8.0,24.0,M,2,3,Q24.1_1,0.1457972201119666,M
1434,8.0,24.0,M,1,4,Q24.1_1,0.772281601063311,1
1435,8.0,24.0,M,2,3,Q24.1_1,-0.7428087642553506,M
1436,8.0,24.0,M,2,4,Q24.1_1,0.7686813567084962,M
1437,8.0,24.0,M,1,4,Q24.1_1,0.6217201053800647,1
1438,8.0,24.0,M,1,4,Q24.1_1,-0.5237238514485729,1
1439,8.0,25.0,M,1,3,Q25.1_1,0.5646937943050092,1
1440,8.0,25.0,M,2,3,Q25.1_1,-0.0910553596743299,M
1441,8.0,25.0,M,2,3,Q25.1_1,-0.11774896188189261,M
1442,8.0,25.0,M,2,3,Q25.1_1,-1.124049535701947,M
1443,8.0,25.0,M,1,4,Q25.1_1,0.772281601063311,1
1444,8.0,25.0,M,2,3,Q25.1_1,-0.7428087642553506,M
1445,8.0,25.0,M,2,4,Q25.1_1,0.7686813567084962,M
1446,8.0,25.0,M,1,4,Q25.1_1,0.6217201053800647,1
1447,8.0,25.0,M,1,4,Q25.1_1,0.7978223157580973,1
1448,8.0,26.0,M,1,3,Q26.1_1,1.8144259620292178,1
1449,8.0,26.0,M,2,3,Q26.1_1,-0.0910553596743299,M
1450,8.0,26.0,M,2,3,Q26.1_1,-0.11774896188189261,M
1451,8.0,26.0,M,2,3,Q26.1_1,-1.124049535701947,M
1452,8.0,26.0,M,1,4,Q26.1_1,0.772281601063311,1
1453,8.0,26.0,M,2,3,Q26.1_1,-0.7428087642553506,M
1454,8.0,26.0,M,2,4,Q26.1_1,0.7686813567084962,M
1455,8.0,26.0,M,1,4,Q26.1_1,0.6217201053800647,1
1456,8.0,26.0,M,1,4,Q26.1_1,0.7978223157580973,1
1457,8.0,27.0,M,1,3,Q27.1_1,1.8144259620292178,1
1458,8.0,27.0,M,2,3,Q27.1_1,1.0264422363287975,M
1459,8.0,27.0,M,2,3,Q27.1_1,-0.11774896188189261,M
1460,8.0,27.0,M,2,3,Q27.1_1,0.1457972201119666,M
1461,8.0,27.0,M,1,4,Q27.1_1,0.772281601063311,1
1462,8.0,27.0,M,2,3,Q27.1_1,-0.7428087642553506,M
1463,8.0,27.0,M,2,4,Q27.1_1,0.7686813567084962,M
1464,8.0,27.0,M,1,4,Q27.1_1,-0.47543302176121954,1
1465,8.0,27.0,M,1,4,Q27.1_1,0.7978223157580973,1
1466,9.0,1.0,M,2,4,Q1.1_1,0.7716122608849659,M
1467,9.0,1.0,M,1,3,Q1.1_1,1.2230064791295592,1
1468,9.0,1.0,M,1,4,Q1.1_1,1.156305723101909,1
1469,9.0,1.0,M,1,4,Q1.1_1,1.4921762985676545,1
1470,9.0,1.0,M,1,4,Q1.1_1,-0.779055003224909,1
1471,9.0,1.0,M,2,4,Q1.1_1,1.1304789365953978,M
1472,9.0,2.0,M,2,4,Q2.1_1,0.7716122608849659,M
1473,9.0,2.0,M,1,3,Q2.1_1,0.5321869197885956,1
1474,9.0,2.0,M,1,4,Q2.1_1,1.156305723101909,1
1475,9.0,2.0,M,1,4,Q2.1_1,0.5464307572219568,1
1476,9.0,2.0,M,1,4,Q2.1_1,0.3280231592525953,1
1477,9.0,2.0,M,2,4,Q2.1_1,1.1304789365953978,M
1478,9.0,3.0,M,2,4,Q3.1_1,0.7716122608849659,M
1479,9.0,3.0,M,1,3,Q3.1_1,1.2230064791295592,1
1480,9.0,3.0,M,1,4,Q3.1_1,1.156305723101909,1
1481,9.0,3.0,M,1,4,Q3.1_1,1.4921762985676545,1
1482,9.0,3.0,M,1,4,Q3.1_1,-1.8861331657024132,1
1483,9.0,3.0,M,2,4,Q3.1_1,1.1304789365953978,M
1484,9.0,4.0,M,2,4,Q4.1_1,0.7716122608849659,M
1485,9.0,4.0,M,1,3,Q4.1_1,0.5321869197885956,1
1486,9.0,4.0,M,1,4,Q4.1_1,-0.03987261114144279,1
1487,9.0,4.0,M,1,4,Q4.1_1,0.5464307572219568,1
1488,9.0,4.0,M,1,4,Q4.1_1,0.3280231592525953,1
1489,9.0,4.0,M,2,4,Q4.1_1,0.0632435768724672,M
1490,9.0,5.0,F,2,4,Q5.1_1,0.7716122608849659,M
1491,9.0,5.0,F,1,3,Q5.1_1,1.2230064791295592,1
1492,9.0,5.0,F,1,4,Q5.1_1,-2.4322292796281464,1
1493,9.0,5.0,F,1,4,Q5.1_1,0.5464307572219568,1
1494,9.0,5.0,F,1,4,Q5.1_1,0.3280231592525953,1
1495,9.0,5.0,F,2,4,Q5.1_1,1.1304789365953978,M
1496,9.0,6.0,F,2,4,Q6.1_1,0.7716122608849659,M
1497,9.0,6.0,F,1,3,Q6.1_1,-0.15863263955236803,1
1498,9.0,6.0,F,1,4,Q6.1_1,-1.2360509453847945,1
1499,9.0,6.0,F,1,4,Q6.1_1,1.4921762985676545,1
1500,9.0,6.0,F,1,4,Q6.1_1,0.3280231592525953,1
1501,9.0,6.0,F,2,4,Q6.1_1,1.1304789365953978,M
1502,9.0,7.0,F,2,4,Q7.1_1,-0.36064486106579546,M
1503,9.0,7.0,F,1,3,Q7.1_1,-0.8494521988933317,1
1504,9.0,7.0,F,1,4,Q7.1_1,1.156305723101909,1
1505,9.0,7.0,F,1,4,Q7.1_1,-0.399314784123741,1
1506,9.0,7.0,F,1,4,Q7.1_1,-0.779055003224909,1
1507,9.0,7.0,F,2,4,Q7.1_1,1.1304789365953978,M
1508,9.0,8.0,F,2,4,Q8.1_1,-0.36064486106579546,M
1509,9.0,8.0,F,1,3,Q8.1_1,0.5321869197885956,1
1510,9.0,8.0,F,1,4,Q8.1_1,1.156305723101909,1
1511,9.0,8.0,F,1,4,Q8.1_1,1.4921762985676545,1
1512,9.0,8.0,F,1,4,Q8.1_1,0.3280231592525953,1
1513,9.0,8.0,F,2,4,Q8.1_1,1.1304789365953978,M
1514,9.0,9.0,F,2,4,Q9.1_1,0.7716122608849659,M
1515,9.0,9.0,F,1,3,Q9.1_1,0.5321869197885956,1
1516,9.0,9.0,F,1,4,Q9.1_1,-1.2360509453847945,1
1517,9.0,9.0,F,1,4,Q9.1_1,1.4921762985676545,1
1518,9.0,9.0,F,1,4,Q9.1_1,0.3280231592525953,1
1519,9.0,9.0,F,2,4,Q9.1_1,-1.0039917828504634,M
1520,9.0,10.0,F,2,4,Q10.1_1,0.7716122608849659,M
1521,9.0,10.0,F,1,3,Q10.1_1,1.2230064791295592,1
1522,9.0,10.0,F,1,4,Q10.1_1,1.156305723101909,1
1523,9.0,10.0,F,1,4,Q10.1_1,-0.399314784123741,1
1524,9.0,10.0,F,1,4,Q10.1_1,0.3280231592525953,1
1525,9.0,10.0,F,2,4,Q10.1_1,1.1304789365953978,M
1526,9.0,11.0,F,2,4,Q11.1_1,0.7716122608849659,M
1527,9.0,11.0,F,1,3,Q11.1_1,-0.8494521988933317,1
1528,9.0,11.0,F,1,4,Q11.1_1,-1.2360509453847945,1
1529,9.0,11.0,F,1,4,Q11.1_1,-0.399314784123741,1
1530,9.0,11.0,F,1,4,Q11.1_1,-0.779055003224909,1
1531,9.0,11.0,F,2,4,Q11.1_1,1.1304789365953978,M
1532,9.0,13.0,F,2,4,Q13.1_1,0.7716122608849659,M
1533,9.0,13.0,F,1,3,Q13.1_1,-0.15863263955236803,1
1534,9.0,13.0,F,1,4,Q13.1_1,-0.03987261114144279,1
1535,9.0,13.0,F,1,4,Q13.1_1,-0.399314784123741,1
1536,9.0,13.0,F,1,4,Q13.1_1,-0.779055003224909,1
1537,9.0,13.0,F,2,4,Q13.1_1,-1.0039917828504634,M
1538,9.0,14.0,M,2,4,Q14.1_1,-0.36064486106579546,M
1539,9.0,14.0,M,1,3,Q14.1_1,1.2230064791295592,1
1540,9.0,14.0,M,1,4,Q14.1_1,-1.2360509453847945,1
1541,9.0,14.0,M,1,4,Q14.1_1,1.4921762985676545,1
1542,9.0,14.0,M,1,4,Q14.1_1,0.3280231592525953,1
1543,9.0,14.0,M,2,4,Q14.1_1,1.1304789365953978,M
1544,9.0,15.0,F,2,4,Q15.1_1,0.7716122608849659,M
1545,9.0,15.0,F,1,3,Q15.1_1,-1.5402717582342953,1
1546,9.0,15.0,F,1,4,Q15.1_1,-0.03987261114144279,1
1547,9.0,15.0,F,1,4,Q15.1_1,-0.399314784123741,1
1548,9.0,15.0,F,1,4,Q15.1_1,-0.779055003224909,1
1549,9.0,15.0,F,2,4,Q15.1_1,0.0632435768724672,M
1550,9.0,16.0,F,2,4,Q16.1_1,0.7716122608849659,M
1551,9.0,16.0,F,1,3,Q16.1_1,0.5321869197885956,1
1552,9.0,16.0,F,1,4,Q16.1_1,-0.03987261114144279,1
1553,9.0,16.0,F,1,4,Q16.1_1,0.5464307572219568,1
1554,9.0,16.0,F,1,4,Q16.1_1,-0.779055003224909,1
1555,9.0,16.0,F,2,4,Q16.1_1,0.0632435768724672,M
1556,9.0,17.0,F,2,4,Q17.1_1,0.7716122608849659,M
1557,9.0,17.0,F,1,3,Q17.1_1,1.2230064791295592,1
1558,9.0,17.0,F,1,4,Q17.1_1,-0.03987261114144279,1
1559,9.0,17.0,F,1,4,Q17.1_1,1.4921762985676545,1
1560,9.0,17.0,F,1,4,Q17.1_1,-0.779055003224909,1
1561,9.0,17.0,F,2,4,Q17.1_1,1.1304789365953978,M
1562,9.0,18.0,F,2,4,Q18.1_1,0.7716122608849659,M
1563,9.0,18.0,F,1,3,Q18.1_1,1.2230064791295592,1
1564,9.0,18.0,F,1,4,Q18.1_1,-0.03987261114144279,1
1565,9.0,18.0,F,1,4,Q18.1_1,0.5464307572219568,1
1566,9.0,18.0,F,1,4,Q18.1_1,0.3280231592525953,1
1567,9.0,18.0,F,2,4,Q18.1_1,1.1304789365953978,M
1568,9.0,19.0,M,2,4,Q19.1_1,0.7716122608849659,M
1569,9.0,19.0,M,1,3,Q19.1_1,1.2230064791295592,1
1570,9.0,19.0,M,1,4,Q19.1_1,-1.2360509453847945,1
1571,9.0,19.0,M,1,4,Q19.1_1,1.4921762985676545,1
1572,9.0,19.0,M,1,4,Q19.1_1,0.3280231592525953,1
1573,9.0,19.0,M,2,4,Q19.1_1,1.1304789365953978,M
1574,9.0,22.0,F,2,4,Q22.1_1,0.7716122608849659,M
1575,9.0,22.0,F,1,3,Q22.1_1,-0.15863263955236803,1
1576,9.0,22.0,F,1,4,Q22.1_1,1.156305723101909,1
1577,9.0,22.0,F,1,4,Q22.1_1,-0.399314784123741,1
1578,9.0,22.0,F,1,4,Q22.1_1,1.4351013217300996,1
1579,9.0,22.0,F,2,4,Q22.1_1,-1.0039917828504634,M
1580,9.0,23.0,F,2,4,Q23.1_1,-0.36064486106579546,M
1581,9.0,23.0,F,1,3,Q23.1_1,1.2230064791295592,1
1582,9.0,23.0,F,1,4,Q23.1_1,1.156305723101909,1
1583,9.0,23.0,F,1,4,Q23.1_1,-1.3450603254694387,1
1584,9.0,23.0,F,1,4,Q23.1_1,0.3280231592525953,1
1585,9.0,23.0,F,2,4,Q23.1_1,0.0632435768724672,M
1586,9.0,24.0,M,2,4,Q24.1_1,0.7716122608849659,M
1587,9.0,24.0,M,1,3,Q24.1_1,1.2230064791295592,1
1588,9.0,24.0,M,1,4,Q24.1_1,1.156305723101909,1
1589,9.0,24.0,M,1,4,Q24.1_1,1.4921762985676545,1
1590,9.0,24.0,M,1,4,Q24.1_1,0.3280231592525953,1
1591,9.0,24.0,M,2,4,Q24.1_1,1.1304789365953978,M
1592,9.0,25.0,M,2,4,Q25.1_1,0.7716122608849659,M
1593,9.0,25.0,M,1,3,Q25.1_1,-1.5402717582342953,1
1594,9.0,25.0,M,1,4,Q25.1_1,-1.2360509453847945,1
1595,9.0,25.0,M,1,4,Q25.1_1,-1.3450603254694387,1
1596,9.0,25.0,M,1,4,Q25.1_1,0.3280231592525953,1
1597,9.0,25.0,M,2,4,Q25.1_1,-1.0039917828504634,M
1598,9.0,26.0,M,2,4,Q26.1_1,0.7716122608849659,M
1599,9.0,26.0,M,1,3,Q26.1_1,-0.8494521988933317,1
1600,9.0,26.0,M,1,4,Q26.1_1,-0.03987261114144279,1
1601,9.0,26.0,M,1,4,Q26.1_1,-1.3450603254694387,1
1602,9.0,26.0,M,1,4,Q26.1_1,0.3280231592525953,1
1603,9.0,26.0,M,2,4,Q26.1_1,0.0632435768724672,M
1604,9.0,27.0,M,2,4,Q27.1_1,-0.36064486106579546,M
1605,9.0,27.0,M,1,3,Q27.1_1,-1.5402717582342953,1
1606,9.0,27.0,M,1,4,Q27.1_1,-0.03987261114144279,1
1607,9.0,27.0,M,1,4,Q27.1_1,-2.2908058668151363,1
1608,9.0,27.0,M,1,4,Q27.1_1,0.3280231592525953,1
1609,9.0,27.0,M,2,4,Q27.1_1,1.1304789365953978,M
